Date,Description,Original Description,Amount,Transaction Type,Category,Account Name,Labels,Notes
7/29/19,HEALTH FOOD STORE,HEALTH FOOD STORE,5.29,debit,Health & Fitness,Amex,,
7/29/19,Trader Joe's,TRADER JOE&apos;S,47.31,debit,Groceries,Amex,,
7/29/19,NYSC-IRVING PLACE #...3727,NYSC-IRVING PLACE  #...3727,49.95,debit,Gym,Wells Fargo Credit Card,,
7/28/19,Stop & Shop,STOP & SHOP 0492,40.34,debit,Groceries,Chase Credit Card,,
7/28/19,Uber.com,UBER TECHNOLOGIES INC,52.52,debit,Rental Car & Taxi,Chase Credit Card,,
7/27/19,Time Warner,TWC*TIME WARNER NYC 718-358-0900,70.99,debit,Television,Wells Fargo Credit Card,,
7/26/19,Duane Reade,DUANE READE #14265,7.99,debit,Pharmacy,Chase Credit Card,,
7/26/19,MISSION CHINESE - E BROA,MISSION CHINESE - E BROA,66.04,debit,Restaurants,Chase Credit Card,,
7/26/19,Shake Shack,SQ *SHAKE SHACK,13.17,debit,Fast Food,Chase Credit Card,,
7/25/19,SOFAR SOUNDS LLC,SOFAR SOUNDS LLC,50,debit,Alcohol & Bars,Chase Credit Card,,
7/25/19,STREET TACO,STREET TACO,90.21,debit,Restaurants,Chase Credit Card,,
7/25/19,Uber.com,UBER TECHNOLOGIES INC,6.52,debit,Rental Car & Taxi,Chase Credit Card,,
7/25/19,The UPS Store,THE UPS STORE 1492,49.94,debit,Business Services,Chase Credit Card,,
7/23/19,Dunkin Donuts,DD/BR #343886,1.79,debit,Coffee Shops,Chase Credit Card,,
7/23/19,Groupon,GROUPON INC,39,debit,Shopping,Chase Credit Card,,
7/23/19,Payworks Bill,Payworks Inc. BILL PMT,1691.87,credit,Income,Day to Day Checking,,
7/23/19,Internet transfer to Online Savings account,Internet transfer to Online Savings account XXXXXX1686,1691.87,debit,Transfer,Day to Day Checking,,
7/22/19,Trader Joe's,"AplPay TRADER JOE'S #544 QPS 544 - NEW YORK, NY",30.95,debit,Groceries,Amex,,
7/22/19,RENTAL CAR TOLLS,RENTAL CAR TOLLS,45.9,debit,Rental Car & Taxi,Chase Credit Card,,
7/22/19,"H HOUST & SON, INC.","H HOUST & SON, INC.",6.34,debit,Fast Food,Chase Credit Card,,
7/22/19,Goodwill Industries,GOODWILL IND #105 23RD ST,15.21,debit,Shopping,Chase Credit Card,,
7/21/19,SAXON AND PAROLE,SAXON AND PAROLE,38.66,debit,Restaurants,Chase Credit Card,,
7/21/19,Ticketmaster,TM *TICKETMASTER INTER,55.2,debit,Entertainment,Chase Credit Card,,
7/21/19,Von,Von,38.66,debit,Alcohol & Bars,Chase Credit Card,,
7/21/19,Uber.com,UBER TECHNOLOGIES INC,10.17,debit,Rental Car & Taxi,Chase Credit Card,,
7/19/19,MTA,MTA*NYCT PAYGO,2.75,debit,Public Transportation,Chase Credit Card,,
7/19/19,GALLOW GREEN,GALLOW GREEN,44.11,debit,Alcohol & Bars,Chase Credit Card,,
7/19/19,Pret A Manger,PRET A MANGER 037,8.48,debit,Fast Food,Chase Credit Card,,
7/19/19,STANDARD EAST VILLAGE HOT,STANDARD EAST VILLAGE HOT,21.6,debit,Alcohol & Bars,Chase Credit Card,,
7/18/19,WEWORK 855-593-9675 NY US,WEWORK 855-593-9675 NY US,1.5,debit,Fast Food,Day to Day Checking,,
7/18/19,Chipotle,CHIPOTLE 2123,9.74,debit,Fast Food,Chase Credit Card,,
7/16/19,MTA,MTA*METROCARD MACHINE,11,debit,Public Transportation,Chase Credit Card,,
7/16/19,Wiltech Electronics,WILTECH ELECTRONICS,1.25,credit,Credit Card Payment,Chase Credit Card,,
7/16/19,Trader Joe's,TRADER JOE'S #544 QPS,48.42,debit,Groceries,Chase Credit Card,,
7/16/19,Target,TARGET        00033217,25.12,debit,Shopping,Chase Credit Card,,
7/15/19,USCIS ELIS N400,USCIS ELIS N400,725,debit,Vacation,Chase Credit Card,,
7/15/19,MTA,MTA*NYCT PAYGO,2.75,debit,Public Transportation,Chase Credit Card,,
7/14/19,CIBAR,CIBAR,25.78,debit,Alcohol & Bars,Chase Credit Card,,
7/14/19,Amazon,Amazon.com*MH4FY9SF1,41.19,debit,Shopping,Chase Credit Card,,
7/14/19,BT MOMA P.S. 1 EVENTS,BT MOMA P.S. 1 EVENTS,10.15,debit,Entertainment,Chase Credit Card,,
7/14/19,Pret A Manger,PRET A MANGER 037,8.48,debit,Fast Food,Chase Credit Card,,
7/14/19,BT MOMA P.S. 1 EVENTS,BT MOMA P.S. 1 EVENTS,15.22,debit,Entertainment,Chase Credit Card,,
7/14/19,Amazon,Amazon.com*MH0R09XL0,5.5,debit,Shopping,Chase Credit Card,,
7/14/19,TKK NEW YORK LLC,TKK NEW YORK LLC,10.65,debit,Alcohol & Bars,Chase Credit Card,,
7/14/19,JYA CLEANERS,JYA CLEANERS,65,debit,Laundry,Chase Credit Card,,
7/14/19,MTA,MTA*NYCT PAYGO,2.75,debit,Public Transportation,Chase Credit Card,,
7/14/19,BT MOMA P.S. 1 EVENTS,BT MOMA P.S. 1 EVENTS,20.3,debit,Entertainment,Chase Credit Card,,
7/12/19,WILTECH ELECTRONICS,WILTECH ELECTRONICS,1.26,debit,Gift,Chase Credit Card,,
7/12/19,PAYWORKS INC DIRECT DEP~ Future Amount: 2887.22 ~ Tran: DDIR,PAYWORKS INC DIRECT DEP~ Future Amount: 2887.22 ~ Tran: DDIR,2887.22,credit,Paycheck,Day to Day Checking,,
7/12/19,Internet transfer to Online Savings account,Internet transfer to Online Savings account XXXXXX1686,1750,debit,Transfer,Day to Day Checking,,
7/12/19,Internet transfer from Online Savings account,Internet transfer from Online Savings account XXXXXX1686,1750,credit,Transfer,Day to Day Checking,,
7/12/19,Venmo,VENMO PAYMENT,137.5,debit,Transfer,Day to Day Checking,,
7/12/19,Internet transfer to Online Savings account,Internet transfer to Online Savings account XXXXXX1686,1952.88,debit,Transfer,Day to Day Checking,,
7/11/19,Amazon,AMZN DIGITAL*MH0JT46M1 888-802-3080 WA6HPXHU44BWU,1.99,debit,Shopping,Discover,,
7/11/19,POKETERIA,SQ *POKETERIA,14.7,debit,Restaurants,Chase Credit Card,,
7/11/19,Pret A Manger,PRET A MANGER 037,8.48,debit,Fast Food,Chase Credit Card,,
7/11/19,POKEWORKS,POKEWORKS,17.42,debit,Restaurants,Chase Credit Card,,
7/10/19,"HEALTH FOOD STORE 000000001 - NEW YORK, NY","HEALTH FOOD STORE 000000001 - NEW YORK, NY",4.59,debit,Health & Fitness,Amex,,
7/10/19,Trader Joe's,"AplPay TRADER JOE'S #544 QPS 544 - NEW YORK, NY",37.11,debit,Groceries,Amex,,
7/10/19,Amazon,AMAZON.COM*MH38041K0 AMZN.COM/BILLWA5WWVU32KMLS,10.87,debit,Shopping,Discover,,
7/10/19,MTA,MTA*METROCARD MACHINE,3,debit,Public Transportation,Chase Credit Card,,
7/10/19,Uber.com,UBER TECHNOLOGIES INC,5.38,debit,Rental Car & Taxi,Chase Credit Card,,
7/10/19,Chipotle,CHIPOTLE ONLINE,12.41,debit,Fast Food,Chase Credit Card,,
7/10/19,Interest Paid,Interest Paid,0.16,credit,Interest Income,Day to Day Checking,,
7/10/19,Venmo,VENMO PAYMENT,1725,debit,Transfer,Day to Day Checking,,
7/10/19,ATM Fee Reimbursement,ATM Fee Reimbursement,2,credit,ATM Fee,Day to Day Checking,,
7/10/19,Venmo,VENMO PAYMENT,19,debit,Transfer,Day to Day Checking,,
7/10/19,WEWORK 855-593-9675 NY US,WEWORK 855-593-9675 NY US,1.5,debit,Fast Food,Day to Day Checking,,
7/9/19,Hertz,HERTZ RENT-A-CAR,257.4,debit,Rental Car & Taxi,Chase Credit Card,,
7/9/19,MTA,MTA*METROCARD MACHINE,5.5,debit,Public Transportation,Chase Credit Card,,
7/8/19,SPIRITS OF CAIRO,SPIRITS OF CAIRO,34.54,debit,Alcohol & Bars,Chase Credit Card,,
7/8/19,Duane Reade,DUANE READE #141 37 BROADWAY NEW YORK NY US,20,debit,Pharmacy,Day to Day Checking,,
7/7/19,Exxon,"EXXONMOBIL FUEL OUTSIDE - (800) 243-9966, MO",23.36,debit,Gas & Fuel,Amex,,
7/7/19,BAGEL EXPRESS III,BAGEL EXPRESS III,5.17,debit,Fast Food,Chase Credit Card,,
7/7/19,VIA,VIA,5.61,debit,Rental Car & Taxi,Chase Credit Card,,
7/7/19,MTA,MTA*MNR STATION TIX,11.25,debit,Public Transportation,Chase Credit Card,,
7/7/19,333 WINE HEAVEN,333 WINE HEAVEN,18.5,debit,Alcohol & Bars,Chase Credit Card,,
7/7/19,Shake Shack,SHAKE SHACK 1117,7.61,debit,Fast Food,Chase Credit Card,,
7/7/19,NJT MOBILE 3001,NJT MOBILE 3001,13,debit,Public Transportation,Chase Credit Card,,
7/7/19,TRAVEL MART 4NY07,TRAVEL MART 4NY07,2.85,debit,Travel,Chase Credit Card,,
7/6/19,Hannaford,"HANNAFORD - CAIRO, NY",19.93,debit,Groceries,Amex,,
7/6/19,Exxon,"EXXONMOBIL FUEL OUTSIDE - (800) 243-9966, MO",44.44,debit,Gas & Fuel,Amex,,
7/5/19,T-Mobile,TMOBILE*AUTO PAY 800-937-8997 WA,171.27,debit,Mobile Phone,Wells Fargo Credit Card,,
7/5/19,JERSEY CITY GAS OP 197 12TH ST JERSEY CITY NJ US,JERSEY CITY GAS OP 197 12TH ST JERSEY CITY NJ US,22,debit,Gas & Fuel,Day to Day Checking,,
7/5/19,MTA,MTA*NYCT PAYGO,2.75,debit,Public Transportation,Chase Credit Card,,
7/5/19,Hudson News,HUDSON NEWS  ST125,2.65,debit,Newspapers & Magazines,Chase Credit Card,,
7/4/19,PRIME VIDEO*MH2KD0NZ0 888-802-3080 WA6ESEC6FVJRZ,PRIME VIDEO*MH2KD0NZ0 888-802-3080 WA6ESEC6FVJRZ,3.99,debit,Movies & DVDs,Discover,,
7/4/19,CP_QPHOTO.ME USD,CP_QPHOTO.ME USD,7,debit,Travel,Chase Credit Card,,
7/4/19,CVS,CVS/PHARMACY #02716,0.38,debit,Pharmacy,Chase Credit Card,,
7/4/19,JOE THE JUICE NY,JOE  THE JUICE NY,4.57,debit,Coffee Shops,Chase Credit Card,,
7/3/19,"AplPay HEALTH FOOD STORE 000000001 - NEW YORK, NY","AplPay HEALTH FOOD STORE 000000001 - NEW YORK, NY",8.49,debit,Health & Fitness,Amex,,
7/3/19,WEWORK 855-593-9675 NY US,WEWORK 855-593-9675 NY US,1.5,debit,Fast Food,Day to Day Checking,,
7/3/19,Starbucks,STARBUCKS STORE 07341,2.34,debit,Coffee Shops,Chase Credit Card,,
7/3/19,Ticketmaster,TM *TICKETMASTER INTER,319.2,debit,Entertainment,Chase Credit Card,,
7/2/19,USPS,USPS PO 35961600 NEW YORK NY US,109.25,debit,Shipping,Day to Day Checking,,
7/2/19,ELSEWHERE,ELSEWHERE,27,debit,Restaurants,Chase Credit Card,,
7/2/19,STUFFED ICE CREAM,STUFFED ICE CREAM,7.08,debit,Fast Food,Chase Credit Card,,
7/2/19,MTA,MTA*METROCARD MACHINE,10,debit,Public Transportation,Chase Credit Card,,
7/2/19,Oscar Insurance PURCHASE,Oscar Insurance PURCHASE,162.09,debit,Health Insurance,Day to Day Checking,,
7/1/19,Amazon,AMAZON.COM*MH4J391E1 AMZN.COM/BILLWA2F2HM5QRVAT,11.04,debit,Shopping,Discover,,
7/1/19,NYSC-IRVING PLACE 212-477-1800,NYSC-IRVING PLACE 212-477-1800,59.95,debit,Gym,Wells Fargo Credit Card,,
7/1/19,WELLS FARGO CARD CCPYMT,WELLS FARGO CARD CCPYMT,265.77,debit,Credit Card Payment,Day to Day Checking,,
7/1/19,American Express,AMEX EPAYMENT ACH PMT,21.87,debit,Credit Card Payment,Day to Day Checking,,
7/1/19,DISCOVER E-PAYMENT,DISCOVER E-PAYMENT,14.14,debit,Credit Card Payment,Day to Day Checking,,
7/1/19,CHASE CREDIT CRD EPAY,CHASE CREDIT CRD EPAY,3078.26,debit,Credit Card Payment,Day to Day Checking,,
7/1/19,SPRITZENHAUS,SPRITZENHAUS,24.69,debit,Alcohol & Bars,Chase Credit Card,,
7/1/19,Target,TARGET        00033217,35.54,debit,Shopping,Chase Credit Card,,
7/1/19,FUEL EXPRESS,FUEL EXPRESS,15.66,debit,Gas & Fuel,Chase Credit Card,,
7/1/19,SPRITZENHAUS,SPRITZENHAUS,9.02,debit,Alcohol & Bars,Chase Credit Card,,
7/1/19,McDonald's,MCDONALD'S M2117 OF NY,4.02,debit,Fast Food,Chase Credit Card,,
7/1/19,SPRITZENHAUS,SPRITZENHAUS,17.24,debit,Alcohol & Bars,Chase Credit Card,,
7/1/19,Uber.com,UBER TECHNOLOGIES INC,6.93,debit,Rental Car & Taxi,Chase Credit Card,,
7/1/19,MTA,MTA*METROCARD/AIRTRAIN,10,debit,Public Transportation,Chase Credit Card,,
7/1/19,SPRITZENHAUS,SPRITZENHAUS,15.07,debit,Alcohol & Bars,Chase Credit Card,,
7/1/19,Uber.com,UBER TECHNOLOGIES INC,0.44,debit,Rental Car & Taxi,Chase Credit Card,,
7/1/19,MTA,MTA*LIRR ETIX TICKET,7.75,debit,Public Transportation,Chase Credit Card,,
6/30/19,"AplPay HEALTH FOOD STORE 000000001 - NEW YORK, NY","AplPay HEALTH FOOD STORE 000000001 - NEW YORK, NY",5.19,debit,Health & Fitness,Amex,,
6/30/19,Trader Joe's,"AplPay TRADER JOE'S #544 QPS 544 - NEW YORK, NY",49.63,debit,Groceries,Amex,,
6/30/19,Spotify,Spotify USA 877-7781161 NY,9.99,debit,Music,Wells Fargo Credit Card,,
6/30/19,BIRD RESTAURANT,BIRD RESTAURANT,17.19,debit,Restaurants,Chase Credit Card,,
6/30/19,LE SWINE,LE SWINE,12.74,debit,Restaurants,Chase Credit Card,,
6/30/19,TFL TRAVEL CH,TFL TRAVEL CH,10.44,debit,Travel,Chase Credit Card,,
6/30/19,TFL TRAVEL CH,TFL TRAVEL CH,3.57,debit,Travel,Chase Credit Card,,
6/30/19,CANONBURY,CANONBURY,16.24,debit,Restaurants,Chase Credit Card,,
6/30/19,GATWICK EXPRSS WEB,GATWICK EXPRSS WEB,22.67,debit,Travel,Chase Credit Card,,
6/30/19,IKEA,IKEA LTD 255 TOTTENHAM EX,10.83,debit,Furnishings,Chase Credit Card,,
6/28/19,#NAME?,ONLINE PAYMENT - THANK YOU,21.87,credit,Credit Card Payment,Amex,,
6/28/19,ONLINE ACH PAYMENT - THANK YOU,ONLINE ACH PAYMENT - THANK YOU,265.77,credit,Credit Card Payment,Wells Fargo Credit Card,,
6/28/19,CHILANGO'S,CHILANGO'S,11.26,debit,Restaurants,Chase Credit Card,,
6/28/19,TFL TRAVEL CH,TFL TRAVEL CH,7.13,debit,Travel,Chase Credit Card,,
6/28/19,Payment Thank You - Web,Payment Thank You - Web,3078.26,credit,Credit Card Payment,Chase Credit Card,,
6/28/19,TFL TRAVEL CH,TFL TRAVEL CH,10.44,debit,Travel,Chase Credit Card,,
6/28/19,Pret A Manger,PRET A MANGER,6.24,debit,Fast Food,Chase Credit Card,,
6/28/19,IZ *KATSU COMPANY,IZ *KATSU COMPANY,28.81,debit,Restaurants,Chase Credit Card,,
6/28/19,KONDITOR AND COOK LTD,KONDITOR AND COOK LTD,3.75,debit,Coffee Shops,Chase Credit Card,,
6/28/19,EB TIKI DISCO ELSEWHE,EB TIKI DISCO ELSEWHE,20.17,debit,Entertainment,Chase Credit Card,,
6/28/19,INTERNET PAYMENT - THANK YOU,INTERNET PAYMENT - THANK YOU,14.14,credit,Credit Card Payment,Discover,,
6/28/19,Interest Paid,Interest Paid,0,credit,Fees & Charges,Investor Checking,,
6/28/19,Internet transfer from Online Savings account,Internet transfer from Online Savings account XXXXXX1686,1952.88,credit,Transfer,Day to Day Checking,,
6/28/19,PAYWORKS INC DIRECT DEP~ Future Amount: 2887.2 ~ Tran: DDIR,PAYWORKS INC DIRECT DEP~ Future Amount: 2887.2 ~ Tran: DDIR,2887.2,credit,Paycheck,Day to Day Checking,,
6/27/19,Time Warner,TWC*TIME WARNER NYC 718-358-0900,49.99,debit,Television,Wells Fargo Credit Card,,
6/27/19,IZ *THE ATHENIAN GREEK ST,IZ *THE ATHENIAN GREEK ST,9.55,debit,Restaurants,Chase Credit Card,,
6/27/19,Pret A Manger,PRET A MANGER,3.69,debit,Fast Food,Chase Credit Card,,
6/27/19,BUSABA SHOREDITCH,BUSABA SHOREDITCH,38.22,debit,Restaurants,Chase Credit Card,,
6/26/19,Amazon,AMAZON PRIME AMZN.COM/BILLWA2CK20PCYHR5,14.14,debit,Shopping,Discover,,
6/26/19,THE BREAKFAST CLUB (SC,THE BREAKFAST CLUB (SC,27.04,debit,Restaurants,Chase Credit Card,,
6/26/19,Pret A Manger,PRET A MANGER,5.48,debit,Fast Food,Chase Credit Card,,
6/26/19,TFL TRAVEL CH,TFL TRAVEL CH,10.48,debit,Travel,Chase Credit Card,,
6/26/19,SumUp *Limin',SumUp  *Limin',25.17,debit,Restaurants,Chase Credit Card,,
6/25/19,ROUND HOUSE,ROUND HOUSE,9.83,debit,Sporting Goods,Chase Credit Card,,
6/25/19,TFL TRAVEL CH,TFL TRAVEL CH,5.49,debit,Travel,Chase Credit Card,,
6/25/19,VODAFONE LTD,VODAFONE LTD,12.77,debit,Mobile Phone,Chase Credit Card,,
6/25/19,TFL TRAVEL CH,TFL TRAVEL CH,6.13,debit,Travel,Chase Credit Card,,
6/25/19,Subway,SUBWAY 43460,9.56,debit,Fast Food,Chase Credit Card,,
6/25/19,PICTUREHOUSE CENTR,PICTUREHOUSE CENTR,12.31,debit,Movies & DVDs,Chase Credit Card,,
6/25/19,WAHACA,WAHACA,20.49,debit,Restaurants,Chase Credit Card,,
6/25/19,ROUND HOUSE,ROUND HOUSE,13.41,debit,Sporting Goods,Chase Credit Card,,
6/24/19,Zhengs Restaurant,ZHENG RESTAURANT,35.16,debit,Restaurants,Chase Credit Card,,
6/24/19,MARYLEBONE SSTP,MARYLEBONE SSTP,34.96,debit,Restaurants,Chase Credit Card,,
6/24/19,PRO*ENHANCV-CHARGE.COM,PRO*ENHANCV-CHARGE.COM,4.99,debit,Electronics & Software,Chase Credit Card,,
6/24/19,BAGEL FACTORY,BAGEL FACTORY,8.03,debit,Fast Food,Chase Credit Card,,
6/24/19,JERICHO,JERICHO,13.53,debit,Restaurants,Chase Credit Card,,
6/24/19,Waterstone,WATERSTONES,44.71,debit,Business Services,Chase Credit Card,,
6/24/19,TFL TRAVEL CH,TFL TRAVEL CH,8.55,debit,Travel,Chase Credit Card,,
6/23/19,HIPPY FISH,HIPPY FISH,14.55,debit,Restaurants,Chase Credit Card,,
6/23/19,IZ *ONLY JERKIN,IZ *ONLY JERKIN,6.38,debit,Coffee Shops,Chase Credit Card,,
6/23/19,IZ *CAMDEN COFFEE TRADING,IZ *CAMDEN COFFEE TRADING,3.83,debit,Coffee Shops,Chase Credit Card,,
6/23/19,IZ *AREPAZO BROS LTD,IZ *AREPAZO BROS LTD,10.21,debit,Restaurants,Chase Credit Card,,
6/23/19,WAITROSE,WAITROSE,22.34,debit,Groceries,Chase Credit Card,,
6/23/19,TESCO STORES 4910,TESCO STORES 4910,10.85,debit,Groceries,Chase Credit Card,,
6/23/19,Red Lion,THE RED LION,21.5,debit,Hotel,Chase Credit Card,,
6/23/19,TRATTORIA N16,TRATTORIA N16,25.52,debit,Restaurants,Chase Credit Card,,
6/23/19,IZ *JN Foods Ltd,IZ *JN Foods Ltd,9.32,debit,Food & Dining,Chase Credit Card,,
6/22/19,PO NEWINGTON G 1200046 LONDON 2 GB,PO NEWINGTON G 1200046 LONDON      2 GB,64.25,debit,Restaurants,Day to Day Checking,,
6/21/19,SIMIT SARATI BAKERY,SIMIT SARATI BAKERY,6.24,debit,Restaurants,Chase Credit Card,,
6/21/19,NANDOS JAMES STREET,NANDOS JAMES STREET,28.51,debit,Restaurants,Chase Credit Card,,
6/21/19,Pret A Manger,PRET A MANGER,5.46,debit,Fast Food,Chase Credit Card,,
6/20/19,iTunes,APL*ITUNES.COM/BILL 866-712-7753,5.99,debit,Music,Wells Fargo Credit Card,,
6/20/19,Pret A Manger,PRET A MANGER,5.44,debit,Fast Food,Chase Credit Card,,
6/20/19,KIMCHEE PANCRAS SQUARE,KIMCHEE PANCRAS SQUARE,11.98,debit,Restaurants,Chase Credit Card,,
6/20/19,HIPPY FISH,HIPPY FISH,13.82,debit,Restaurants,Chase Credit Card,,
6/20/19,KIMCHEE PANCRAS SQUARE,KIMCHEE PANCRAS SQUARE,42.35,debit,Restaurants,Chase Credit Card,,
6/19/19,Pret A Manger,PRET A MANGER,4.64,debit,Fast Food,Chase Credit Card,,
6/19/19,Pret A Manger,PRET A MANGER,7.02,debit,Fast Food,Chase Credit Card,,
6/19/19,NANDOS JAMES STREET,NANDOS JAMES STREET,14.2,debit,Restaurants,Chase Credit Card,,
6/19/19,Gap Visa Gap EPAY~ Future Amount: 43.17 ~ Tran: ACHDW,Gap Visa Gap EPAY~ Future Amount: 43.17 ~ Tran: ACHDW,43.17,debit,Credit Card Payment,Day to Day Checking,,
6/18/19,AKSULAR KEBAB,AKSULAR KEBAB,6.94,debit,Fast Food,Chase Credit Card,,
6/18/19,HIPPY FISH,HIPPY FISH,9.97,debit,Restaurants,Chase Credit Card,,
6/18/19,Pret A Manger,PRET A MANGER,4.91,debit,Fast Food,Chase Credit Card,,
6/18/19,Pret A Manger,PRET A MANGER,4.66,debit,Fast Food,Chase Credit Card,,
6/18/19,BETTERMENT SEC TRANSFER,BETTERMENT SEC TRANSFER,310,debit,Transfer,Day to Day Checking,,
6/17/19,THANK YOU,ONLINE PAYMENT THANK YOU,43.17,credit,Credit Card Payment,Gap Credit Card,,
6/17/19,TFL TRAVEL CH,TFL TRAVEL CH,1.9,debit,Travel,Chase Credit Card,,
6/17/19,AKSULAR KEBAB,AKSULAR KEBAB,8.25,debit,Fast Food,Chase Credit Card,,
6/17/19,O'NEILLS,O'NEILLS,9.96,debit,Alcohol & Bars,Chase Credit Card,,
6/17/19,OYSTER MOBILE APP,OYSTER MOBILE APP,52.28,debit,Restaurants,Chase Credit Card,,
6/17/19,O'NEILLS,O'NEILLS,6.53,debit,Alcohol & Bars,Chase Credit Card,,
6/17/19,TFL TRAVEL CH,TFL TRAVEL CH,1.9,debit,Travel,Chase Credit Card,,
6/17/19,Apex Clearing ACH,Apex Clearing ACH,2000,debit,Transfer,Day to Day Checking,,
6/16/19,IZ *Workingmens Cub Limit,IZ *Workingmens Cub Limit,11.42,debit,Alcohol & Bars,Chase Credit Card,,
6/16/19,IZ *Warren Dent,IZ *Warren Dent,25.38,debit,Restaurants,Chase Credit Card,,
6/16/19,WASABI WEST ONE,WASABI WEST ONE,10.6,debit,Restaurants,Chase Credit Card,,
6/16/19,Uber.com,UBER BV,11.94,debit,Rental Car & Taxi,Chase Credit Card,,
6/16/19,TFL TRAVEL CH,TFL TRAVEL CH,9.14,debit,Travel,Chase Credit Card,,
6/16/19,COTTONS RESTAURANT,COTTONS RESTAURANT,25.69,debit,Restaurants,Chase Credit Card,,
6/16/19,Pret A Manger,PRET A MANGER,4.94,debit,Fast Food,Chase Credit Card,,
6/16/19,IZ *Workingmens Cub Limit,IZ *Workingmens Cub Limit,22.84,debit,Alcohol & Bars,Chase Credit Card,,
6/16/19,QUICKCITY FOOD,QUICKCITY FOOD,19.03,debit,Food & Dining,Chase Credit Card,,
6/14/19,Pret A Manger,PRET A MANGER,9.02,debit,Fast Food,Chase Credit Card,,
6/14/19,UNIQLO (EUROPE) LTD,UNIQLO (EUROPE) LTD,170.82,debit,Clothing,Chase Credit Card,,
6/14/19,LILLY WHITE SANDWICH BA,LILLY WHITE SANDWICH BA,6.35,debit,Restaurants,Chase Credit Card,,
6/14/19,Subway,SUBWAY 43460,9.52,debit,Fast Food,Chase Credit Card,,
6/14/19,PAYWORKS INC DIRECT DEP~ Future Amount: 2887.21 ~ Tran: DDIR,PAYWORKS INC DIRECT DEP~ Future Amount: 2887.21 ~ Tran: DDIR,2887.21,credit,Paycheck,Day to Day Checking,,
6/14/19,Venmo,VENMO PAYMENT~ Future Amount: 35.66 ~ Tran: ACHDW,35.66,debit,Transfer,Day to Day Checking,,
6/13/19,Pret A Manger,PRET A MANGER,7.13,debit,Fast Food,Chase Credit Card,,
6/13/19,Pret A Manger,PRET A MANGER,9.06,debit,Fast Food,Chase Credit Card,,
6/13/19,NANDOS JAMES STREET,NANDOS JAMES STREET,9.7,debit,Restaurants,Chase Credit Card,,
6/13/19,CHASE CREDIT CRD EPAY~ Future Amount: 528.58 ~ Tran: ACHDW,CHASE CREDIT CRD EPAY~ Future Amount: 528.58 ~ Tran: ACHDW,528.58,debit,Credit Card Payment,Day to Day Checking,,
6/12/19,Pret A Manger,PRET A MANGER,7.45,debit,Fast Food,Chase Credit Card,,
6/12/19,Payment Thank You-Mobile,Payment Thank You-Mobile,528.58,credit,Credit Card Payment,Chase Credit Card,,
6/12/19,Pret A Manger,PRET A MANGER,5.72,debit,Fast Food,Chase Credit Card,,
6/12/19,Pret A Manger,PRET A MANGER,4.19,debit,Fast Food,Chase Credit Card,,
6/12/19,Pret A Manger,PRET A MANGER,4.7,debit,Fast Food,Chase Credit Card,,
6/11/19,NANDOS JAMES STREET,NANDOS JAMES STREET,9.71,debit,Restaurants,Chase Credit Card,,
6/11/19,AKSULAR KEBAB,AKSULAR KEBAB,12.13,debit,Fast Food,Chase Credit Card,,
6/11/19,Subway,SUBWAY 30325,9.26,debit,Fast Food,Chase Credit Card,,
6/11/19,Pret A Manger,PRET A MANGER,2.54,debit,Fast Food,Chase Credit Card,,
6/11/19,Pret A Manger,PRET A MANGER,5.48,debit,Fast Food,Chase Credit Card,,
6/10/19,OYSTER MOBILE APP,OYSTER MOBILE APP,52.59,debit,Restaurants,Chase Credit Card,,
6/10/19,FLAMIN MANGAL,FLAMIN MANGAL,38.1,debit,Restaurants,Chase Credit Card,,
6/10/19,TFL TRAVEL CH,TFL TRAVEL CH,1.91,debit,Travel,Chase Credit Card,,
6/10/19,BULL IN A CHINA SHOP,BULL IN A CHINA SHOP,97.93,debit,Alcohol & Bars,Chase Credit Card,,
6/10/19,Interest Paid,Interest Paid,0.17,credit,Interest Income,Day to Day Checking,,
6/9/19,TFL TRAVEL CH,TFL TRAVEL CH,3.06,debit,Travel,Chase Credit Card,,
6/9/19,Pret A Manger,PRET A MANGER,5.48,debit,Fast Food,Chase Credit Card,,
6/9/19,Pret A Manger,PRET A MANGER,4.71,debit,Fast Food,Chase Credit Card,,
6/9/19,CLF ART CAFE,CLF ART CAFE,15.19,debit,Restaurants,Chase Credit Card,,
6/9/19,McDonald's,MCDONALDS,5.97,debit,Fast Food,Chase Credit Card,,
6/9/19,Pret A Manger,PRET A MANGER,4.47,debit,Fast Food,Chase Credit Card,,
6/9/19,SLIM CHICKENS,SLIM CHICKENS,15.25,debit,Restaurants,Chase Credit Card,,
6/7/19,PICTUREHOUSE CENTR,PICTUREHOUSE CENTR,20.3,debit,Movies & DVDs,Chase Credit Card,,
6/7/19,HIPPY FISH,HIPPY FISH,12.62,debit,Restaurants,Chase Credit Card,,
6/7/19,Subway,SUBWAYMS,7.26,debit,Fast Food,Chase Credit Card,,
6/7/19,ADANNA WELCH-PHILLIPS ,ADANNA WELCH-PHILLIPS IAT PAYPAL,16.76,debit,Hobbies,Day to Day Checking,,
6/6/19,THE NATURAL KITCHEN,THE NATURAL KITCHEN,14.34,debit,Restaurants,Chase Credit Card,,
6/6/19,Pret A Manger,PRET A MANGER,6.49,debit,Fast Food,Chase Credit Card,,
6/6/19,LUL TICKET MACHINE,LUL TICKET MACHINE,25.49,debit,Entertainment,Chase Credit Card,,
6/6/19,NANDOS JAMES STREET,NANDOS JAMES STREET,13,debit,Restaurants,Chase Credit Card,,
6/6/19,Pret A Manger,PRET A MANGER,6.98,debit,Fast Food,Chase Credit Card,,
6/6/19,Venmo,VENMO PAYMENT~ Future Amount: 41 ~ Tran: ACHDW,41,debit,Transfer,Day to Day Checking,,
6/5/19,T-Mobile,TMOBILE*AUTO PAY 800-937-8997 WA,162.09,debit,Mobile Phone,Wells Fargo Credit Card,,
6/5/19,Pret A Manger,PRET A MANGER,1.97,debit,Fast Food,Chase Credit Card,,
6/5/19,NANDOS JAMES STREET,NANDOS JAMES STREET,9.66,debit,Restaurants,Chase Credit Card,,
6/5/19,Pret A Manger,PRET A MANGER,4.93,debit,Fast Food,Chase Credit Card,,
6/5/19,WASABI WEST ONE,WASABI WEST ONE,9.09,debit,Restaurants,Chase Credit Card,,
6/5/19,Airbnb,AIRBNB * HMAQEEW5ZQ,259.12,credit,Hotel,Chase Credit Card,,
6/4/19,Subway,SUBWAY 43460,9.81,debit,Fast Food,Chase Credit Card,,
6/4/19,Pret A Manger,PRET A MANGER,2.52,debit,Fast Food,Chase Credit Card,,
6/4/19,AKSULAR KEBAB,AKSULAR KEBAB,8.87,debit,Fast Food,Chase Credit Card,,
6/4/19,NATIONAL EXPRESS LIMITED,NATIONAL EXPRESS LIMITED,13.94,debit,Public Transportation,Chase Credit Card,,
6/4/19,Fields,LEON SPITALFIELDS,15.15,debit,Groceries,Chase Credit Card,,
6/4/19,Oscar Insurance PURCHASE,Oscar Insurance PURCHASE,162.09,debit,Financial,Day to Day Checking,,
6/3/19,NEW SOUTHERN RAILW,NEW SOUTHERN RAILW,37.94,debit,Travel,Chase Credit Card,,
6/3/19,Uber.com,UBER BV,8.74,debit,Rental Car & Taxi,Chase Credit Card,,
6/3/19,TFL TRAVEL CH,TFL TRAVEL CH,16.31,debit,Travel,Chase Credit Card,,
6/3/19,WH SMITH,WH SMITH,3.92,debit,Travel,Chase Credit Card,,
6/3/19,EASYJET EX8DS4B,EASYJET     EX8DS4B,100.28,debit,Air Travel,Chase Credit Card,,
6/3/19,Venmo,VENMO PAYMENT~ Future Amount: 1725 ~ Tran: ACHDW,1725,debit,Transfer,Day to Day Checking,,
6/3/19,Venmo Cashout Future,VENMO CASHOUT~ Future Amount: 25 ~ Tran: DDIR,25,credit,Income,Day to Day Checking,,
6/3/19,Venmo,VENMO PAYMENT~ Future Amount: 34.49 ~ Tran: ACHDW,34.49,debit,Transfer,Day to Day Checking,,
6/2/19,CODECADEMY 347-988-2082 NY,CODECADEMY 347-988-2082 NY,21.76,debit,Education,Wells Fargo Credit Card,,
6/2/19,NANOOSH - MADISON AVE,NANOOSH - MADISON AVE,11.38,debit,Restaurants,Chase Credit Card,,
6/2/19,BURGER & LOBSTER FITZR,BURGER & LOBSTER FITZR,43.74,debit,Fast Food,Chase Credit Card,,
6/2/19,TED'S CORNER TAVERN,TED'S CORNER TAVERN,67.24,debit,Restaurants,Chase Credit Card,,
6/2/19,Uber.com,UBER BV,3.79,debit,Rental Car & Taxi,Chase Credit Card,,
6/2/19,Pret A Manger,PRET A MANGER,7.56,debit,Fast Food,Chase Credit Card,,
6/2/19,BOUTS.SITE 17,TERMINAL 1 BOUTS.SITE 17,74,debit,Groceries,Chase Credit Card,,
6/2/19,LUL TICKET MACHINE,LUL TICKET MACHINE,18.97,debit,Entertainment,Chase Credit Card,,
6/2/19,SWAY LONDON,SWAY LONDON,6.51,debit,Restaurants,Chase Credit Card,,
6/2/19,Norwegian,NORWEGIAN AIR SHUTTLE,449.9,debit,Travel,Chase Credit Card,,
6/2/19,SWAY LONDON,SWAY LONDON,17.96,debit,Restaurants,Chase Credit Card,,
6/2/19,THE COCK & LION,THE COCK & LION,13.09,debit,Alcohol & Bars,Chase Credit Card,,
6/2/19,NEW SOUTHERN RAILW,NEW SOUTHERN RAILW,15.3,debit,Travel,Chase Credit Card,,
6/2/19,ANNUAL MEMBERSHIP FEE,ANNUAL MEMBERSHIP FEE,95,debit,Service Fee,Chase Credit Card,,
6/2/19,MTA,MTA*LIRR ETIX TICKET,10.75,debit,Public Transportation,Chase Credit Card,,
6/2/19,SWAY LONDON,SWAY LONDON,8.98,debit,Restaurants,Chase Credit Card,,
6/2/19,Chipotle,CHIPOTLE ONLINE,12.41,debit,Fast Food,Chase Credit Card,,
6/2/19,WRAP IT UP,WRAP IT UP,8.79,debit,Restaurants,Chase Credit Card,,
6/1/19,NYSC-IRVING PLACE 212-477-1800,NYSC-IRVING PLACE 212-477-1800,59.95,debit,Gym,Wells Fargo Credit Card,,
5/31/19,iTunes,APL*ITUNES.COM/BILL 866-712-7753,5.99,debit,Music,Wells Fargo Credit Card,,
5/31/19,Spotify,Spotify USA 877-7781161 NY,9.99,debit,Music,Wells Fargo Credit Card,,
5/31/19,Interest Paid,Interest Paid,0,credit,Fees & Charges,Investor Checking,,
5/31/19,FUEL EXPRESS,FUEL EXPRESS,11.98,debit,Gas & Fuel,Chase Credit Card,,
5/31/19,AMPERSAND,AMPERSAND,30.13,debit,Restaurants,Chase Credit Card,,
5/31/19,THEFLOSSBAR.COM,THEFLOSSBAR.COM,222.13,debit,Gift,Chase Credit Card,,
5/31/19,Fingers,TST* STICKY S FINGER JOIN,8.5,debit,Furnishings,Chase Credit Card,,
5/31/19,CVS,CVS/PHARMACY #07186,15.01,debit,Pharmacy,Chase Credit Card,,
5/31/19,WELLS FARGO CARD CCPYMT,WELLS FARGO CARD CCPYMT,257.14,debit,Credit Card Payment,Day to Day Checking,,
5/31/19,PAYWORKS INC DIRECT DEP~ Future Amount: 2887.22 ~ Tran: DDIR,PAYWORKS INC DIRECT DEP~ Future Amount: 2887.22 ~ Tran: DDIR,2887.22,credit,Paycheck,Day to Day Checking,,
5/31/19,CHASE CREDIT CRD EPAY,CHASE CREDIT CRD EPAY,3000,debit,Credit Card Payment,Day to Day Checking,,
5/31/19,DISCOVER E-PAYMENT,DISCOVER E-PAYMENT,14.14,debit,Credit Card Payment,Day to Day Checking,,
5/31/19,American Express,AMEX EPAYMENT ACH PMT,231.2,debit,Credit Card Payment,Day to Day Checking,,
5/30/19,ONLINE ACH PAYMENT - THANK YOU,ONLINE ACH PAYMENT - THANK YOU,257.14,credit,Credit Card Payment,Wells Fargo Credit Card,,
5/30/19,- THANK YOU 320191500728556738,ONLINE PAYMENT - THANK YOU,231.2,credit,Credit Card Payment,Amex,,
5/30/19,D'Agostino's,AplPay D'AGOSTINO NEW YORK NY,11.68,debit,Groceries,Amex,,
5/30/19,Uber.com,UBER TECHNOLOGIES INC,19.36,debit,Rental Car & Taxi,Chase Credit Card,,
5/30/19,MTA,MTA*METROCARD MACHINE,11,debit,Public Transportation,Chase Credit Card,,
5/30/19,FREEHAND NEW YORK HOTEL,FREEHAND NEW YORK HOTEL,36.49,debit,Alcohol & Bars,Chase Credit Card,,
5/30/19,CONVERSE # 60,CONVERSE # 60,70,debit,Clothing,Chase Credit Card,,
5/30/19,MARLIN CLEANERS,MARLIN CLEANERS,21.25,debit,Laundry,Chase Credit Card,,
5/30/19,Target,TARGET        00033217,11.37,debit,Shopping,Chase Credit Card,,
5/30/19,Payment Thank You-Mobile,Payment Thank You-Mobile,3000,credit,Credit Card Payment,Chase Credit Card,,
5/30/19,INTERNET PAYMENT - THANK YOU,INTERNET PAYMENT - THANK YOU,14.14,credit,Credit Card Payment,Discover,,
5/30/19,Payworks Bill,Payworks Inc. BILL PMT,2553.24,credit,Income,Day to Day Checking,,
5/29/19,HEALTH FOOD STORE 00NEW YORK NY 99999999148 2122289133 320191490707535867,HEALTH FOOD STORE 00NEW YORK NY,10.19,debit,Health & Fitness,Amex,,
5/29/19,PEARL'S,PEARL'S,10,debit,Restaurants,Chase Credit Card,,
5/29/19,W CAFE,W CAFE,13.74,debit,Restaurants,Chase Credit Card,,
5/28/19,Gap,GAP 34TH & BROADWAY - NY NEW YORK NY APPAREL / ACCESSORIES,43.17,debit,Clothing,Gap Credit Card,,
5/28/19,Cava Grill,CAVA GRILL PARK AVE S,11.4,debit,Fast Food,Chase Credit Card,,
5/28/19,Venmo,VENMO PAYMENT,38,debit,Transfer,Day to Day Checking,,
5/27/19,Time Warner,TWC*TIME WARNER NYC 718-358-0900,49.99,debit,Television,Wells Fargo Credit Card,,
5/27/19,Uber.com,UBER TECHNOLOGIES INC,21.99,debit,Rental Car & Taxi,Chase Credit Card,,
5/27/19,TST* MIGHTY QUINN S BARBE,TST* MIGHTY QUINN S BARBE,13.5,debit,Restaurants,Chase Credit Card,,
5/27/19,BT AVANT GARDNER BK,BT AVANT GARDNER BK,41.24,debit,Fast Food,Chase Credit Card,,
5/27/19,TST* TACOMBI -NOLITA,TST* TACOMBI -NOLITA,25.73,debit,Restaurants,Chase Credit Card,,
5/27/19,PICK A BAGEL ON 23RD,SQ *PICK A BAGEL ON 23RD,9.75,debit,Fast Food,Chase Credit Card,,
5/27/19,Internet transfer to Online Savings account,Internet transfer to Online Savings account XXXXXX1686,2000,debit,Transfer,Day to Day Checking,,
5/26/19,Amazon,AMAZON PRIME AMZN.COM/BILLWA3IX42QIFU88,14.14,debit,Shopping,Discover,,
5/26/19,LITTLE BASIL,LITTLE BASIL,64.24,debit,Restaurants,Chase Credit Card,,
5/26/19,BT AVANT GARDNER BK,BT AVANT GARDNER BK,6.44,debit,Fast Food,Chase Credit Card,,
5/26/19,BT AVANT GARDNER BK,BT AVANT GARDNER BK,6.44,debit,Fast Food,Chase Credit Card,,
5/26/19,7-Eleven,7-ELEVEN 34707,3.69,debit,Fast Food,Chase Credit Card,,
5/26/19,BT AVANT GARDNER BK,BT AVANT GARDNER BK,27.06,debit,Fast Food,Chase Credit Card,,
5/26/19,NYCTAXISBV122,NYCTAXISBV122,6.35,debit,Rental Car & Taxi,Chase Credit Card,,
5/26/19,BT AVANT GARDNER BK,BT AVANT GARDNER BK,41.24,debit,Fast Food,Chase Credit Card,,
5/25/19,AplPay HEALTH FOOD SNEW YORK NY 99999999144 2122289133 320191450644964804,AplPay HEALTH FOOD SNEW YORK NY,3.99,debit,Health & Fitness,Amex,,
5/24/19,PRO*ENHANCV-CHARGE.COM,PRO*ENHANCV-CHARGE.COM,4.99,debit,Electronics & Software,Chase Credit Card,,
5/23/19,THE BELFRY,THE BELFRY,70.08,debit,Alcohol & Bars,Chase Credit Card,,
5/23/19,POKETERIA,SQ *POKETERIA,2.18,debit,Restaurants,Chase Credit Card,,
5/22/19,Uber.com,UBER TECHNOLOGIES INC,13.73,debit,Rental Car & Taxi,Chase Credit Card,,
5/22/19,Walgreens,WALGREENS #7675,9.49,debit,Pharmacy,Chase Credit Card,,
5/22/19,The UPS Store,THE UPS STORE #5865,21.27,debit,Business Services,Chase Credit Card,,
5/22/19,Uber.com,UBER TECHNOLOGIES INC,5.44,debit,Rental Car & Taxi,Chase Credit Card,,
5/22/19,TFI*TICKETFLY EVENTS,TFI*TICKETFLY EVENTS,54.33,debit,Entertainment,Chase Credit Card,,
5/21/19,Udemy,UDEMY ONLINE COURSES,51.96,debit,Tuition,Chase Credit Card,,
5/21/19, INST XFER,PAYPAL INST XFER,12.95,debit,Transfer,Day to Day Checking,,
5/20/19,Trader Joe's,AplPay TRADER JOE'S NEW YORK NY,64.36,debit,Groceries,Amex,,
5/20/19,FREEHAND NEW YORK HOTEL,FREEHAND NEW YORK HOTEL,81.68,debit,Alcohol & Bars,Chase Credit Card,,
5/20/19,General Nutrition Centers,GNC #06659,105.48,debit,Groceries,Chase Credit Card,,
5/20/19,Shake Shack,SHAKE SHACK 1122,19.35,debit,Fast Food,Chase Credit Card,,
5/20/19,RP DIET/TRAINING,RP DIET/TRAINING,119,debit,Health & Fitness,Chase Credit Card,,
5/20/19,RP DIET/TRAINING,RP DIET/TRAINING,119,debit,Health & Fitness,Chase Credit Card,,
5/20/19,Uber.com,UBER TECHNOLOGIES INC,19.54,debit,Rental Car & Taxi,Chase Credit Card,,
5/19/19,GrubHub Seamless,SEAMLSSJINKITCHENANDB,18.72,debit,Food & Dining,Chase Credit Card,,
5/19/19,Uber.com,UBER TECHNOLOGIES INC,19.22,debit,Rental Car & Taxi,Chase Credit Card,,
5/19/19,Airbnb,AIRBNB * HMAQEEW5ZQ,876.82,debit,Hotel,Chase Credit Card,,
5/19/19,TAKUMI TACO,SQ *TAKUMI TACO,16,debit,Restaurants,Chase Credit Card,,
5/19/19,MTA,MTA*METROCARD MACHINE,20,debit,Public Transportation,Chase Credit Card,,
5/17/19,TAXI SVC 41-25 36TH ST,TAXI SVC 41-25 36TH ST,13.56,debit,Rental Car & Taxi,Chase Credit Card,,
5/17/19,Venmo Cashout,VENMO CASHOUT,30,credit,Income,Day to Day Checking,,
5/16/19,D'Agostino's,AplPay D'AGOSTINO NEW YORK NY,4.99,debit,Groceries,Amex,,
5/16/19,AplPay HEALTH FOOD SNEW YORK NY 99999999135 2122289133 320191360484097544,AplPay HEALTH FOOD SNEW YORK NY,5.99,debit,Health & Fitness,Amex,,
5/16/19,BETTERMENT SEC TRANSFER,BETTERMENT SEC TRANSFER,310,debit,Transfer,Day to Day Checking,,
5/16/19,WEWORK 855-593-9675 NY US,WEWORK 855-593-9675 NY US,3.63,debit,Fast Food,Day to Day Checking,,
5/16/19,STRIPE TRANSFER,STRIPE TRANSFER,13.67,debit,Transfer,Day to Day Checking,,
5/16/19,KIND REGARDS,KIND REGARDS,64.44,debit,Alcohol & Bars,Chase Credit Card,,
5/16/19,McDonald's,MCDONALD'S F20219,5.43,debit,Fast Food,Chase Credit Card,,
5/16/19,Uber.com,UBER TECHNOLOGIES INC,6.74,debit,Rental Car & Taxi,Chase Credit Card,,
5/16/19,The UPS Store,THE UPS STORE 1492,13.43,debit,Business Services,Chase Credit Card,,
5/16/19,POKETERIA,SQ *POKETERIA,14.7,debit,Restaurants,Chase Credit Card,,
5/15/19,Uber.com,UBER TECHNOLOGIES INC,6.27,debit,Rental Car & Taxi,Chase Credit Card,,
5/15/19,GERMAN IS EASY GBR,GERMAN IS EASY GBR,5,debit,Education,Chase Credit Card,,
5/15/19,PAYWORKS INC DIRECT DEP~ Future Amount: 2887.21 ~ Tran: DDIR,PAYWORKS INC DIRECT DEP~ Future Amount: 2887.21 ~ Tran: DDIR,2887.21,credit,Paycheck,Day to Day Checking,,
5/15/19, TRANSFER,PAYPAL TRANSFER,72.25,credit,Transfer,Day to Day Checking,,
5/14/19,MTA,MTA*METROCARD MACHINE,3,debit,Public Transportation,Chase Credit Card,,
5/14/19,Uber.com,UBER TECHNOLOGIES INC,5.53,debit,Rental Car & Taxi,Chase Credit Card,,
5/13/19,Trader Joe's,AplPay TRADER JOE'S NEW YORK NY,69.85,debit,Groceries,Amex,,
5/13/19,HILL AND DALE,HILL AND DALE,25,debit,Alcohol & Bars,Chase Credit Card,,
5/13/19,HILL AND DALE,HILL AND DALE,53,debit,Alcohol & Bars,Chase Credit Card,,
5/13/19,GrubHub Seamless,SEAMLSSJINKITCHENANDB,18.72,debit,Food & Dining,Chase Credit Card,,
5/13/19,GrubHub Seamless,SEAMLSSJINKITCHENANDB,18.72,debit,Food & Dining,Chase Credit Card,,
5/13/19,FUEL EXPRESS,FUEL EXPRESS,13.89,debit,Gas & Fuel,Chase Credit Card,,
5/12/19,CITI BIKE NYC,CITI BIKE NYC,3.27,debit,Credit Card Payment,Chase Credit Card,,
5/12/19,MARLIN CLEANERS,MARLIN CLEANERS,20,debit,Laundry,Chase Credit Card,,
5/12/19,TST* SUNFLOWER,TST* SUNFLOWER,14.52,debit,Groceries,Chase Credit Card,,
5/12/19,TST* THE NUGGET SPOT,TST* THE NUGGET SPOT,14.5,debit,Restaurants,Chase Credit Card,,
5/12/19,POURING RIBBONS,POURING RIBBONS,81.68,debit,Alcohol & Bars,Chase Credit Card,,
5/11/19,DISHES NEW YORK NY US,DISHES NEW YORK NY US,13.61,debit,Restaurants,Day to Day Checking,,
5/10/19,MTA,MTA*METROCARD MACHINE,11,debit,Public Transportation,Chase Credit Card,,
5/10/19,Airbnb,AIRBNB * HMAQEEW5ZQ,1077.75,debit,Hotel,Chase Credit Card,,
5/10/19,Interest Paid,Interest Paid,0.07,credit,Interest Income,Day to Day Checking,,
5/9/19,LINEN HALL,LINEN HALL,25.78,debit,Alcohol & Bars,Chase Credit Card,,
5/9/19,Norwegian,NORWEGIAN AI3280731147588,394.5,debit,Travel,Chase Credit Card,,
5/9/19,Webster,WEBSTER HALL FOOD AND,13,debit,Business Services,Chase Credit Card,,
5/9/19,Webster,WEBSTER HALL FOOD AND,13,debit,Business Services,Chase Credit Card,,
5/9/19,KFC,KFC J235028,7.61,debit,Fast Food,Chase Credit Card,,
5/9/19,Venmo,VENMO PAYMENT,12,debit,Transfer,Day to Day Checking,,
5/9/19,Venmo,VENMO PAYMENT,10,debit,Transfer,Day to Day Checking,,
5/9/19,WEWORK 855-593-9675 NY US,WEWORK 855-593-9675 NY US,3.63,debit,Fast Food,Day to Day Checking,,
5/8/19,USA*USA*SNACK SODA VEN NEW YORK NY US,USA*USA*SNACK SODA VEN NEW YORK NY US,4.1,debit,Fast Food,Day to Day Checking,,
5/8/19,WWW.PAYWORKS.COM,WWW.PAYWORKS.COM,18.5,debit,Gift,Chase Credit Card,,
5/8/19,MIMI CHENGS DUMPLINGS EAS,MIMI CHENGS DUMPLINGS EAS,14.7,debit,Restaurants,Chase Credit Card,,
5/7/19,THEFLOSSBAR.COM,THEFLOSSBAR.COM,5,debit,Fast Food,Chase Credit Card,,
5/7/19,EASYJET EX47J67,EASYJET     EX47J67,151.21,debit,Air Travel,Chase Credit Card,,
5/6/19,Uber.com,UBER TECHNOLOGIES INC,5,debit,Rental Car & Taxi,Chase Credit Card,,
5/6/19,Uber.com,UBER TECHNOLOGIES INC,12.33,debit,Rental Car & Taxi,Chase Credit Card,,
5/6/19,Uber.com,UBER TECHNOLOGIES INC,9.38,debit,Rental Car & Taxi,Chase Credit Card,,
5/6/19,Shake Shack,SHAKE SHACK 1001,17.5,debit,Fast Food,Chase Credit Card,,
5/6/19,Payworks Inc. BILL payment,Payworks Inc. BILL PMT,66.33,credit,Income,Day to Day Checking,,
5/6/19,GELSO & GRAND NEW YORK NY US,GELSO & GRAND NEW YORK NY US,19.42,debit,Restaurants,Day to Day Checking,,
5/6/19,LA VERA PIZZA. NEW YORK NY US,LA VERA PIZZA. NEW YORK NY US,9.8,debit,Restaurants,Day to Day Checking,,
5/5/19,T-Mobile,TMOBILE*AUTO PAY 800-937-8997 WA,110,debit,Mobile Phone,Wells Fargo Credit Card,,
5/5/19,Uber.com,UBER TECHNOLOGIES INC,13.03,debit,Rental Car & Taxi,Chase Credit Card,,
5/4/19,AplPay HEALTH FOOD SNEW YORK NY 99999999123 2122289133 320191240279239758,AplPay HEALTH FOOD SNEW YORK NY,8.49,debit,Health & Fitness,Amex,,
5/3/19,Uber.com,UBER TECHNOLOGIES INC,4.07,debit,Rental Car & Taxi,Chase Credit Card,,
5/3/19,OUR/NEW YORK VODKA NEW YORK NY US,OUR/NEW YORK VODKA NEW YORK NY US,32.3,debit,Alcohol & Bars,Day to Day Checking,,
5/2/19,iTunes,APL*ITUNES.COM/BILL 866-712-7753,27.21,debit,Music,Wells Fargo Credit Card,,
5/2/19,DSTLD,DSTLD,126.2,debit,Clothing,Chase Credit Card,,
5/2/19,Oscar Insurance PURCHASE,Oscar Insurance PURCHASE,162.09,debit,Health Insurance,Day to Day Checking,,
5/1/19,NYSC-IRVING PLACE 212-477-1800,NYSC-IRVING PLACE 212-477-1800,59.95,debit,Gym,Wells Fargo Credit Card,,
5/1/19,Trader Joe's,AplPay TRADER JOE'S NEW YORK NY,73.53,debit,Groceries,Amex,,
5/1/19,Venmo,VENMO PAYMENT~ Future Amount: 1725 ~ Tran: ACHDW,1725,debit,Transfer,Day to Day Checking,,
5/1/19,NEW YORK ROAD RUNNERS 8555696977 NY US,NEW YORK ROAD RUNNERS 8555696977 NY US,115,debit,Sports,Day to Day Checking,,
5/1/19,Transfer to Amex,AMEX EPAYMENT ACH PMT,330.77,debit,Credit Card Payment,Day to Day Checking,,
5/1/19,RP DIET/TRAINING 7046173325 NC US,RP DIET/TRAINING 7046173325 NC US,87.2,debit,Health & Fitness,Day to Day Checking,,
5/1/19,CHASE CREDIT CRD EPAY,CHASE CREDIT CRD EPAY,109.54,debit,Credit Card Payment,Day to Day Checking,,
4/30/19,Spotify,Spotify USA 877-7781161 NY,9.99,debit,Music,Wells Fargo Credit Card,,
4/30/19,Transfer from Day to Day Checking,ONLINE PAYMENT - THANK YOU,330.77,credit,Credit Card Payment,Amex,,
4/30/19,Interest Paid,Interest Paid,0,credit,Fees & Charges,Investor Checking,,
4/30/19,Uber.com,UBER TECHNOLOGIES INC,36.32,debit,Rental Car & Taxi,Chase Credit Card,,
4/30/19,Payment Thank You-Mobile,Payment Thank You-Mobile,109.54,credit,Credit Card Payment,Chase Credit Card,,
4/30/19,Internet transfer to Online Savings account,Internet transfer to Online Savings account XXXXXX1686,180,debit,Transfer,Day to Day Checking,,
4/30/19,PAYWORKS INC DIRECT DEP~ Future Amount: 2880.59 ~ Tran: DDIR,PAYWORKS INC DIRECT DEP~ Future Amount: 2880.59 ~ Tran: DDIR,2880.59,credit,Paycheck,Day to Day Checking,,
4/29/19,Rosie's New York NY US,Rosie's New York NY US,65.52,debit,Restaurants,Day to Day Checking,,
4/29/19,VENMO CASHOUT,VENMO CASHOUT,110.63,credit,Income,Day to Day Checking,,
4/28/19,3RD AVENUE LIQUOR NEW YORK NY US,3RD AVENUE LIQUOR NEW YORK NY US,11.97,debit,Alcohol & Bars,Day to Day Checking,,
4/28/19,MARLIN CLEANERS,MARLIN CLEANERS,13.75,debit,Laundry,Chase Credit Card,,
4/28/19,CITI BIKE NYC,CITI BIKE NYC,3.27,debit,Credit Card Payment,Chase Credit Card,,
4/28/19,Uber.com,UBER TECHNOLOGIES INC,11.19,debit,Rental Car & Taxi,Chase Credit Card,,
4/28/19,Uber.com,UBER TECHNOLOGIES INC,5.78,debit,Rental Car & Taxi,Chase Credit Card,,
4/26/19,Amazon,AMAZON PRIME AMZN.COM/BILLWA2F3UPQWLDLU,14.14,debit,Shopping,Discover,,
4/26/19,Fandango,FANDANGO,39.2,debit,Movies & DVDs,Chase Credit Card,,
4/26/19,CVS,CVS/PHARMACY #07186 NEW YORK NY US,3.99,debit,Pharmacy,Day to Day Checking,,
4/26/19,Girl Scouts,GIRL SCOUT TROOP 6000 NEW YORK NY US,5,debit,Gifts & Donations,Day to Day Checking,,
4/26/19,Transfer to Discover it Card,DISCOVER E-PAYMENT,64.94,debit,Credit Card Payment,Day to Day Checking,,
4/26/19,CHASE CREDIT CRD EPAY~ Future Amount: 1143.97 ~ Tran: ACHDW,CHASE CREDIT CRD EPAY~ Future Amount: 1143.97 ~ Tran: ACHDW,1143.97,debit,Credit Card Payment,Day to Day Checking,,
4/26/19,Transfer to Wells Fargo Credit Card,WELLS FARGO CARD CCPYMT,250.06,debit,Credit Card Payment,Day to Day Checking,,
4/25/19,Transfer from Day to Day Checking,ONLINE ACH PAYMENT - THANK YOU,250.06,credit,Credit Card Payment,Wells Fargo Credit Card,,
4/25/19,Transfer from Day to Day Checking,INTERNET PAYMENT - THANK YOU,64.94,credit,Credit Card Payment,Discover,,
4/25/19,Payment Thank You-Mobile,Payment Thank You-Mobile,1143.97,credit,Credit Card Payment,Chase Credit Card,,
4/24/19,Trader Joe's,AplPay TRADER JOE'S NEW YORK NY,46,debit,Groceries,Amex,,
4/24/19,My Three Sons,USA*MY THREE SONS VEND NEW YORK NY US,4.1,debit,Food & Dining,Day to Day Checking,,
4/24/19,Time Warner,TWC*TIME WARNER NYC 718-358-0900,49.99,debit,Television,Wells Fargo Credit Card,,
4/23/19,HEALTH FOOD STORE 00NEW YORK NY 99999999112 2122289133 320191130085318438,HEALTH FOOD STORE 00NEW YORK NY,4.99,debit,Health & Fitness,Amex,,
4/23/19,Internet transfer from Online Savings account,Internet transfer from Online Savings account XXXXXX1686,500,credit,Transfer,Day to Day Checking,,
4/23/19,NYC FERRY MOBILE,NYC FERRY MOBILE,2.75,debit,Public Transportation,Chase Credit Card,,
4/23/19,THE BACK ROOM,THE BACK ROOM,36,debit,Alcohol & Bars,Chase Credit Card,,
4/23/19,Uber.com,UBER TECHNOLOGIES INC,10.44,debit,Rental Car & Taxi,Chase Credit Card,,
4/23/19,WEWORK 855-593-9675 NY US,WEWORK 855-593-9675 NY US,3.63,debit,Fast Food,Day to Day Checking,,
4/22/19,SQUARE *POKETERIA New York NY US,SQUARE *SQ *POKETERIA New York NY US,14.7,debit,Restaurants,Day to Day Checking,,
4/22/19,Uber.com,UBER TECHNOLOGIES INC,6.34,debit,Rental Car & Taxi,Chase Credit Card,,
4/22/19,GrubHub Seamless,SEAMLSSJINKITCHENANDB,65.06,debit,Food & Dining,Chase Credit Card,,
4/22/19,VENMO CASHOUT,VENMO CASHOUT,45.57,credit,Income,Day to Day Checking,,
4/21/19,3RD AVE DELI NEW YORK NY US,3RD AVE DELI NEW YORK NY US,13,debit,Restaurants,Day to Day Checking,,
4/21/19,Uber.com,UBER TECHNOLOGIES INC,17.48,debit,Rental Car & Taxi,Chase Credit Card,,
4/21/19,MTA,MTA*METROCARD MACHINE,20,debit,Public Transportation,Chase Credit Card,,
4/20/19,Trader Joe's,AplPay TRADER JOE'S NEW YORK NY,43.46,debit,Groceries,Amex,,
4/20/19,7-Eleven,7-ELEVEN NEW YORK NY US,5,debit,Fast Food,Day to Day Checking,,
4/19/19,Chipotle,CHIPOTLE 1341 NEW YORK NY US,12.41,debit,Fast Food,Day to Day Checking,,
4/19/19,INST XFER,PAYPAL INST XFER,11.99,debit,Transfer,Day to Day Checking,,
4/19/19,Payworks Inc. BILL payment,Payworks Inc. BILL PMT,335.19,credit,Income,Day to Day Checking,,
4/17/19,D'Agostino's,D'AGOSTINO NEW YORK NY,6.79,debit,Groceries,Amex,,
4/17/19,Pret A Manger,PRET A MANGER 037 NEW YORK NY US,3.26,debit,Fast Food,Day to Day Checking,,
4/17/19,DIG INN 52ND STREET,DIG INN 52ND STREET,12.65,debit,Hotel,Chase Credit Card,,
4/17/19,MARLIN CLEANERS,MARLIN CLEANERS,35,debit,Laundry,Chase Credit Card,,
4/17/19,WEWORK 855-593-9675 NY US,WEWORK 855-593-9675 NY US,3.63,debit,Uncategorized,Day to Day Checking,,
4/16/19,Fingers,NYPD FINGERPRINT,50,debit,Furnishings,Chase Credit Card,,
4/16/19,Apex Clearing ACH,Apex Clearing ACH,1000,debit,Transfer,Day to Day Checking,,
4/16/19,BETTERMENT SEC TRANSFER,BETTERMENT SEC TRANSFER,1000,debit,Transfer,Day to Day Checking,,
4/15/19,Internet transfer from Online Savings account,Internet transfer from Online Savings account XXXXXX1686,1000,credit,Transfer,Day to Day Checking,,
4/15/19,MTA,MTA*METROCARD MACHINE,20,debit,Public Transportation,Chase Credit Card,,
4/15/19,THE SMITH LINCOLN CEN,THE SMITH  LINCOLN CEN,112.9,debit,Restaurants,Chase Credit Card,,
4/15/19,New York Road Runners,NEW YORK ROAD RUNNERS,100,debit,Amusement,Chase Credit Card,,
4/15/19,INST XFER,PAYPAL INST XFER,100,debit,Transfer,Day to Day Checking,,
4/15/19,CAFFEBENE KTOWN NEW YORK NY US,CAFFEBENE KTOWN NEW YORK NY US,5.86,debit,Restaurants,Day to Day Checking,,
4/15/19,INST XFER,PAYPAL INST XFER,30,debit,Transfer,Day to Day Checking,,
4/15/19,Venmo,VENMO PAYMENT,25.42,debit,Transfer,Day to Day Checking,,
4/15/19,PAYWORKS INC DIRECT DEP~ Future Amount: 2880.58 ~ Tran: DDIR,PAYWORKS INC DIRECT DEP~ Future Amount: 2880.58 ~ Tran: DDIR,2880.58,credit,Paycheck,Day to Day Checking,,
4/15/19,VENMO CASHOUT,VENMO CASHOUT,110.88,credit,Income,Day to Day Checking,,
4/15/19,Internet transfer to Online Savings account,Internet transfer to Online Savings account XXXXXX1686,500,debit,Transfer,Day to Day Checking,,
4/15/19,Venmo,VENMO PAYMENT,18.78,debit,Transfer,Day to Day Checking,,
4/15/19,Internet transfer to Online Savings account,Internet transfer to Online Savings account XXXXXX1686,1000,debit,Transfer,Day to Day Checking,,
4/14/19,333 WINE HEAVEN,333 WINE HEAVEN,8.7,debit,Alcohol & Bars,Chase Credit Card,,
4/13/19,Internet transfer from Online Savings account,Internet transfer from Online Savings account XXXXXX1686,130,credit,Transfer,Day to Day Checking,,
4/12/19,The UPS Store,THE UPS STORE 1492,16.33,debit,Business Services,Chase Credit Card,,
4/12/19,PORKBUN.COM,PORKBUN.COM,28.97,debit,Uncategorized,Chase Credit Card,,
4/12/19,WEWORK 855-593-9675 NY US,WEWORK 855-593-9675 NY US,1.63,debit,Uncategorized,Day to Day Checking,,
4/11/19,UPS,UPS*1310393535,335.19,debit,Shipping,Chase Credit Card,,
4/11/19,Patent Pending NYC,Patent Pending NYC,43.02,debit,Uncategorized,Chase Credit Card,,
4/11/19,iTunes,APL*ITUNES.COM/BILL 866-712-7753,20.13,debit,Music,Wells Fargo Credit Card,,
4/11/19,Trader Joe's,AplPay TRADER JOE'S NEW YORK NY,66.6,debit,Groceries,Amex,,
4/10/19,Interest Paid,Interest Paid,0.08,credit,Interest Income,Day to Day Checking,,
4/10/19,ATM Fee Reimbursement,ATM Fee Reimbursement,7.5,credit,ATM Fee,Day to Day Checking,,
4/10/19,CVS,CVS/PHARMACY #07186 NEW YORK NY US,16.79,debit,Pharmacy,Day to Day Checking,,
4/9/19,THE PARK,THE PARK,11,debit,Mortgage & Rent,Chase Credit Card,,
4/9/19,WEWORK 855-593-9675 NY US,WEWORK 855-593-9675 NY US,2,debit,Uncategorized,Day to Day Checking,,
4/9/19,CHASE CREDIT CRD EPAY~ Future Amount: 311 ~ Tran: ACHDW,CHASE CREDIT CRD EPAY~ Future Amount: 311 ~ Tran: ACHDW,311,debit,Credit Card Payment,Day to Day Checking,,
4/9/19,Marlin Cleaners Inc,MARLIN CLEANERS NEW YORK NY US,12.5,debit,Laundry,Day to Day Checking,,
4/8/19,MISS LILY'S - AVENUE A,MISS LILY'S - AVENUE A,30.13,debit,Restaurants,Chase Credit Card,,
4/8/19,Payment Thank You-Mobile,Payment Thank You-Mobile,311,credit,Credit Card Payment,Chase Credit Card,,
4/8/19,LA VERA PIZZA. NEW YORK NY US,LA VERA PIZZA. NEW YORK NY US,4.9,debit,Restaurants,Day to Day Checking,,
4/8/19,Walgreens,WALGREENS #7675 NEW YORK NY US,2.79,debit,Pharmacy,Day to Day Checking,,
4/8/19,Payworks Inc. BILL payment,Payworks Inc. BILL PMT,311.93,credit,Income,Day to Day Checking,,
4/7/19,VIA,VIA,5.65,debit,Rental Car & Taxi,Chase Credit Card,,
4/7/19,BIRRERIA SALIDO,BIRRERIA SALIDO,60,debit,Uncategorized,Chase Credit Card,,
4/7/19,Uber.com,UBER TECHNOLOGIES INC,10.75,debit,Rental Car & Taxi,Chase Credit Card,,
4/7/19,VIA,VIA,5.75,debit,Rental Car & Taxi,Chase Credit Card,,
4/5/19,Trader Joe's,AplPay TRADER JOE'S NEW YORK NY0275575 626-599-3700 320190950774464756,51.94,debit,Groceries,Amex,,
4/5/19,T-Mobile,TMOBILE*AUTO PAY 800-937-8997 WA,110,debit,Mobile Phone,Wells Fargo Credit Card,,
4/5/19,WEWORK 855-593-9675 NY US,WEWORK 855-593-9675 NY US,3.63,debit,Uncategorized,Day to Day Checking,,
4/5/19,Pret A Manger,PRET A MANGER 037 NEW YORK NY US,4.34,debit,Fast Food,Day to Day Checking,,
4/4/19,WEWORK 855-593-9675 NY US,WEWORK 855-593-9675 NY US,5.25,debit,Fast Food,Day to Day Checking,,
4/2/19,HEALTH FOOD STORE 00NEW YORK NY 99999999091 2122289133 320190920726637126,HEALTH FOOD STORE 00NEW YORK NY99999999091 2122289133 320190920726637126,4.99,debit,Health & Fitness,Amex,,
4/2/19,AN CHOI,AN CHOI,37.57,debit,Restaurants,Chase Credit Card,,
4/2/19,Venmo,VENMO PAYMENT,9,debit,Transfer,Day to Day Checking,,
4/2/19,Oscar Insurance PURCHASE,Oscar Insurance PURCHASE,162.09,debit,Health Insurance,Day to Day Checking,,
4/2/19,Venmo,VENMO PAYMENT,55,debit,Transfer,Day to Day Checking,,
4/1/19,NYSC-IRVING PLACE 212-477-1800,NYSC-IRVING PLACE 212-477-1800,59.95,debit,Gym,Wells Fargo Credit Card,,
4/1/19,Uber.com,UBER TECHNOLOGIES INC,19.99,debit,Rental Car & Taxi,Chase Credit Card,,
4/1/19,ILILI,ILILI,88.6,debit,Restaurants,Chase Credit Card,,
4/1/19,BEAUTY AND ESSEX NEW YORK NY US,BEAUTY AND ESSEX NEW YORK NY US,45,debit,Restaurants,Day to Day Checking,,
4/1/19,Miss Lily's,MISS LILY'S - AVENUE A NEW YORK NY US,30.13,debit,Business Services,Day to Day Checking,,
4/1/19,Mighty Quinn's Barbeque LLC,TST* MIGHTY QUINN S BA NEW YORK NY US,19.65,debit,Food & Dining,Day to Day Checking,,
4/1/19,BRASS MONKEY NEW YORK NY US,BRASS MONKEY NEW YORK NY US,38,debit,Alcohol & Bars,Day to Day Checking,,
4/1/19,Transfer to Chase Credit Card,CHASE CREDIT CRD EPAY,543,debit,Credit Card Payment,Day to Day Checking,,
4/1/19,CHASE CREDIT CRD EPAY,CHASE CREDIT CRD EPAY,163.31,debit,Credit Card Payment,Day to Day Checking,,
4/1/19,Venmo,VENMO PAYMENT,1725,debit,Transfer,Day to Day Checking,,
3/31/19,Spotify,Spotify USA 877-7781161 NY,9.99,debit,Music,Wells Fargo Credit Card,,
3/31/19,Uber.com,UBER TECHNOLOGIES INC,4.92,debit,Rental Car & Taxi,Chase Credit Card,,
3/31/19,Transfer from Day to Day Checking,Payment Thank You-Mobile,543,credit,Credit Card Payment,Chase Credit Card,,
3/31/19,VIA,VIA,6.14,debit,Rental Car & Taxi,Chase Credit Card,,
3/31/19,BLACKLAPEL.COM,BLACKLAPEL.COM,543.29,debit,Clothing,Chase Credit Card,,
3/31/19,NEWS STAND L-106249 248 EAST THIRD STREET NEW YORK NY US,NEWS STAND L-106249 248 EAST THIRD STREET NEW YORK NY US,22,debit,Newspapers & Magazines,Day to Day Checking,,
3/30/19,Internet transfer from Online Savings account,Internet transfer from Online Savings account XXXXXX1686,362,credit,Transfer,Day to Day Checking,,
3/29/19,Amazon,AMAZON.COM*MW2PR3HZ0 AMZN.COM/BILLWAVQ1DP1OEU2A,46.81,debit,Shopping,Discover,,
3/29/19,Interest Paid,Interest Paid,0,credit,Fees & Charges,Investor Checking,,
3/29/19,The UPS Store,THE UPS STORE #5865,14.76,debit,Business Services,Chase Credit Card,,
3/29/19,Payment Thank You-Mobile,Payment Thank You-Mobile,163.31,credit,Credit Card Payment,Chase Credit Card,,
3/29/19,VENMO CASHOUT,VENMO CASHOUT,1.63,credit,Income,Day to Day Checking,,
3/29/19,WELLS FARGO CARD CCPYMT,WELLS FARGO CARD CCPYMT,41.04,debit,Credit Card Payment,Day to Day Checking,,
3/29/19,Internet transfer to Online Savings account,Internet transfer to Online Savings account XXXXXX1686,80,debit,Transfer,Day to Day Checking,,
3/29/19,PAYWORKS INC DIRECT DEP~ Future Amount: 2952.69 ~ Tran: DDIR,PAYWORKS INC DIRECT DEP~ Future Amount: 2952.69 ~ Tran: DDIR,2952.69,credit,Paycheck,Day to Day Checking,,
3/29/19,Venmo,VENMO PAYMENT,61.07,debit,Transfer,Day to Day Checking,,
3/28/19,Trader Joe's,AplPay TRADER JOE'S NEW YORK NY0222947 626-599-3700 320190870639963767,93.03,debit,Groceries,Amex,,
3/28/19,Trader Joe's,AplPay TRADER JOE'S NEW YORK NY0222948 626-599-3700 320190870638538777,12.97,debit,Groceries,Amex,,
3/28/19,ONLINE ACH PAYMENT - THANK YOU,ONLINE ACH PAYMENT - THANK YOU,41.04,credit,Credit Card Payment,Wells Fargo Credit Card,,
3/28/19,The UPS Store,THE UPS STORE #5865,131.61,debit,Business Services,Chase Credit Card,,
3/28/19,LA VERA PIZZA. NEW YORK NY US,LA VERA PIZZA. NEW YORK NY US,9.8,debit,Restaurants,Day to Day Checking,,
3/28/19,CVS,CVS/PHARMACY #02962 NEW YORK NY US,15.55,debit,Pharmacy,Day to Day Checking,,
3/28/19,Marlin Cleaners Inc,MARLIN CLEANERS NEW YORK NY US,27.5,debit,Laundry,Day to Day Checking,,
3/27/19,CVS,CVS/PHARMACY #07186 NEW YORK NY US,6.69,debit,Pharmacy,Day to Day Checking,,
3/27/19,WEWORK 855-593-9675 NY US,WEWORK 855-593-9675 NY US,3.63,debit,Fast Food,Day to Day Checking,,
3/26/19,Amazon,AMAZON PRIME AMZN.COM/BILLWA5BR9HGJNIUF,14.14,debit,Shopping,Discover,,
3/26/19,The UPS Store,THE UPS STORE #5865,96.86,debit,Business Services,Chase Credit Card,,
3/26/19,WEWORK 855-593-9675 NY US,WEWORK 855-593-9675 NY US,3.63,debit,Fast Food,Day to Day Checking,,
3/25/19,PRIME VIDEO*MW5MA5XO1 888-802-3080 WA2UHK3OA6GYP,PRIME VIDEO*MW5MA5XO1 888-802-3080 WA2UHK3OA6GYP,3.99,debit,Movies & DVDs,Discover,,
3/25/19,Cornerstone Tavern,CORNERSTONE TAVERN/THE NEW YORK NY US,12,debit,Alcohol & Bars,Day to Day Checking,,
3/25/19,Uber.com,UBER TECHNOLOGIES INC 866-576-1039 CA US,6.27,debit,Rental Car & Taxi,Day to Day Checking,,
3/25/19,GrubHub Seamless,SEAMLSSJINKITCHENANDB 8002561020 NY US,16.28,debit,Food & Dining,Day to Day Checking,,
3/25/19,FUEL EXPRESS 2126842221 NY US,FUEL EXPRESS 2126842221 NY US,11.38,debit,Gas & Fuel,Day to Day Checking,,
3/25/19,Internet transfer to Online Savings account,Internet transfer to Online Savings account XXXXXX1686,240,debit,Transfer,Day to Day Checking,,
3/25/19,WELLS FARGO CARD CCPYMT,WELLS FARGO CARD CCPYMT,14.14,debit,Credit Card Payment,Day to Day Checking,,
3/25/19,CHASE CREDIT CRD EPAY,CHASE CREDIT CRD EPAY,181.51,debit,Credit Card Payment,Day to Day Checking,,
3/25/19,American Express,AMEX EPAYMENT ACH PMT,50.67,debit,Credit Card Payment,Day to Day Checking,,
3/25/19,Payworks Inc. BILL payment,Payworks Inc. BILL PMT,241.88,credit,Income,Day to Day Checking,,
3/25/19,Starbucks,STARBUCKS STORE 15461 NEW YORK NY US,2.99,debit,Coffee Shops,Day to Day Checking,,
3/25/19,DISCOVER E-PAYMENT,DISCOVER E-PAYMENT,1.78,debit,Credit Card Payment,Day to Day Checking,,
3/24/19,The UPS Store,THE UPS STORE #5865,10.12,debit,Business Services,Chase Credit Card,,
3/24/19,Nike,Nike Flatiron 382,163.31,debit,Clothing,Chase Credit Card,,
3/23/19,Time Warner,TWC*TIME WARNER NYC 718-358-0900,41.04,debit,Television,Wells Fargo Credit Card,,
3/23/19,Modell's Sporting,MODELL'S #159 NEW YORK NY US,35,debit,Sporting Goods,Day to Day Checking,,
3/23/19,Chipotle,CHIPOTLE ONLINE 3035954000 CO US,15.62,debit,Fast Food,Day to Day Checking,,
3/23/19,ST. MARKS WINE AND NEW YORK NY US,ST. MARKS WINE AND NEW YORK NY US,15.23,debit,Alcohol & Bars,Day to Day Checking,,
3/22/19,- THANK YOU 320190810545542003,ONLINE PAYMENT - THANK YOU 320190810545542003,50.67,credit,Credit Card Payment,Amex,,
3/22/19,ONLINE ACH PAYMENT - THANK YOU,ONLINE ACH PAYMENT - THANK YOU,14.14,credit,Credit Card Payment,Wells Fargo Credit Card,,
3/22/19,INTERNET PAYMENT - THANK YOU,INTERNET PAYMENT - THANK YOU,1.78,credit,Credit Card Payment,Discover,,
3/22/19,Payment Thank You - Web,Payment Thank You - Web,181.51,credit,Credit Card Payment,Chase Credit Card,,
3/21/19,Wework Ny Us,WEWORK 855-593-9675 NY US,3.63,debit,Fast Food,Day to Day Checking,,
3/20/19,Trader Joe's,AplPay TRADER JOE'S NEW YORK NY0166869 626-599-3700 320190790504396382,45.8,debit,Groceries,Amex,,
3/20/19,A M Discou 325 3rd Avenue,A & M DISCOU-311150 325 3RD AVENUE NEW YORK NY US,22.5,debit,Coffee Shops,Day to Day Checking,,
3/20/19,The UPS Store,THE UPS STORE 1492,46.39,debit,Business Services,Chase Credit Card,,
3/20/19,WEWORK 855-593-9675 NY US,WEWORK 855-593-9675 NY US,3.63,debit,Fast Food,Day to Day Checking,,
3/19/19,Trader Joe's,AplPay TRADER JOE'S NEW YORK NY0025691 626-599-3700 320190780487336619,4.87,debit,Groceries,Amex,,
3/19/19,The UPS Store,THE UPS STORE #5865,12.19,debit,Business Services,Chase Credit Card,,
3/19/19,Uber.com,UBER   *,6.36,debit,Rental Car & Taxi,Chase Credit Card,,
3/19/19,MTA,MTA*METROCARD MACHINE,10,debit,Public Transportation,Chase Credit Card,,
3/19/19,Uber.com,UBER   *,6,debit,Rental Car & Taxi,Chase Credit Card,,
3/19/19,Chipotle,CHIPOTLE ONLINE 3035954000 CO US,15.62,debit,Fast Food,Day to Day Checking,,
3/19/19,Payworks Inc. BILL payment,Payworks Inc. BILL PMT,250.11,credit,Income,Day to Day Checking,,
3/19/19,Internet transfer to Online Savings account,Internet transfer to Online Savings account XXXXXX1686,250,debit,Transfer,Day to Day Checking,,
3/18/19,Uber.com,UBER   *,6.99,debit,Rental Car & Taxi,Chase Credit Card,,
3/18/19,Uber.com,UBER   *,8.48,debit,Rental Car & Taxi,Chase Credit Card,,
3/18/19,Uber.com,UBER   *,13.62,debit,Rental Car & Taxi,Chase Credit Card,,
3/18/19,Uber.com,UBER   *,5.21,debit,Rental Car & Taxi,Chase Credit Card,,
3/18/19,Apex Clearing Ach,Apex Clearing ACH,1000,debit,Transfer,Day to Day Checking,,
3/18/19,Cava Grill Park,CAVA GRILL PARK AVE S NEW YORK NY US,11.4,debit,Restaurants,Day to Day Checking,,
3/18/19,Macao Trading,MACAO TRADING CO NEW YORK NY US,28,debit,Alcohol & Bars,Day to Day Checking,,
3/18/19,Maison Kayser Bakery,MAISON KAYSER 6 NEW YORK NY US,27.23,debit,Restaurants,Day to Day Checking,,
3/18/19,Betterment Sec Transfer,BETTERMENT SEC TRANSFER,500,debit,Transfer,Day to Day Checking,,
3/17/19,Barrio Chino Llc,BARRIO CHINO LLC,37.03,debit,Restaurants,Chase Credit Card,,
3/17/19,Uber.com,UBER   *,14.81,debit,Rental Car & Taxi,Chase Credit Card,,
3/17/19,Bank of America,BANK OF AMERICA *DELANCEY AND LUDLOW NEW YORK NY US,23,debit,Financial,Day to Day Checking,,
3/15/19,Modell's Sporting,MODELL'S #117 NEW YORK NY US,70,debit,Sporting Goods,Day to Day Checking,,
3/15/19,Square Poketeria,SQUARE *SQ *POKETERIA New York NY US,15.19,debit,Restaurants,Day to Day Checking,,
3/15/19,Internet Transfer Online,Internet transfer to Online Savings account XXXXXX1686,500,debit,Transfer,Day to Day Checking,,
3/15/19,Wells Fargo Ccpymt,WELLS FARGO CARD CCPYMT,192.82,debit,Credit Card Payment,Day to Day Checking,,
3/15/19,American Express,AMEX EPAYMENT ACH PMT,165.24,debit,Credit Card Payment,Day to Day Checking,,
3/15/19,Transfer to Chase Credit Card,CHASE CREDIT CRD EPAY,1879.92,debit,Credit Card Payment,Day to Day Checking,,
3/15/19,Payworks Direct Dep,PAYWORKS INC DIRECT DEP~ Future Amount: 2808.2 ~ Tran: DDIR,2808.2,credit,Paycheck,Day to Day Checking,,
3/14/19,Online Ach Thank,ONLINE ACH PAYMENT - THANK YOU,192.82,credit,Credit Card Payment,Wells Fargo Credit Card,,
3/14/19,Online Payment,ONLINE PAYMENT - THANK YOU 320190730410108857,165.24,credit,Credit Card Payment,Amex,,
3/14/19,Internet Transfer Online,Internet transfer from Online Savings account XXXXXX1686,1736,credit,Transfer,Day to Day Checking,,
3/14/19,The UPS Store,THE UPS STORE 1492,14.43,debit,Business Services,Chase Credit Card,,
3/14/19,Transfer from Day to Day Checking,Payment Thank You - Web,1879.92,credit,Credit Card Payment,Chase Credit Card,,
3/13/19,iTunes,APL* ITUNES.COM/BILL866-712-7753 CA,14.14,debit,Music,Wells Fargo Credit Card,,
3/13/19,Marlin Cleaners,MARLIN CLEANERS,61.25,debit,Laundry,Chase Credit Card,,
3/12/19,Trader Joe's,AplPay TRADER JOE'S NEW YORK NY0065793 626-599-3700 320190710371893313,68.48,debit,Groceries,Amex,,
3/12/19,Stratton Vacation Sales,STRATTON VACATION SALES,149,debit,Entertainment,Chase Credit Card,,
3/12/19,Wework,WEWORK,1.63,debit,Fast Food,Chase Credit Card,,
3/12/19,The UPS Store,THE UPS STORE #5865,28.86,debit,Business Services,Chase Credit Card,,
3/11/19,Killington K Cafe,KILLINGTON K1 CAFE,31.35,debit,Restaurants,Chase Credit Card,,
3/11/19,Stratton Rentals,STRATTON RENTALS,50,debit,Sports,Chase Credit Card,,
3/11/19,Killington Ticket Sales,KILLINGTON TICKET SALES,56,debit,Entertainment,Chase Credit Card,,
3/11/19,Str Base Lodge,STR BASE LODGE MARKET,7.32,debit,Groceries,Chase Credit Card,,
3/11/19,Njt Rail My,NJT RAIL MY-TIX,9.75,debit,Public Transportation,Chase Credit Card,,
3/11/19,Killington Mahogany Ridge,KILLINGTON MAHOGANY RIDGE,15,debit,Alcohol & Bars,Chase Credit Card,,
3/11/19,Venmo,VENMO PAYMENT,187.5,debit,Transfer,Day to Day Checking,,
3/11/19,Venmo Cashout,VENMO CASHOUT,70.82,credit,Income,Day to Day Checking,,
3/10/19,Interest Paid,Interest Paid,0.13,credit,Interest Income,Day to Day Checking,,
3/10/19,ATM Fee Refund,ATM Fee Reimbursement,2.25,credit,ATM Fee,Day to Day Checking,,
3/10/19,Killington E,KILLINGTON E STORE,110,debit,Vacation,Chase Credit Card,,
3/10/19,NJT Mobile,NJT MOBILE 3001,9.75,debit,Public Transportation,Chase Credit Card,,
3/10/19,Wework,WEWORK,3.5,debit,Fast Food,Chase Credit Card,,
3/10/19,Uber.com,UBER   *,7.4,debit,Rental Car & Taxi,Chase Credit Card,,
3/8/19,The UPS Store,THE UPS STORE #5865,84.32,debit,Business Services,Chase Credit Card,,
3/8/19,Uber.com,UBER   *TRIP B5L4H,6.21,debit,Rental Car & Taxi,Chase Credit Card,,
3/7/19,Health Food,HEALTH FOOD STORE 00NEW YORK NY99999999065 2122289133 320190660290860443,4.99,debit,Health & Fitness,Amex,,
3/6/19,Uber.com,UBER   *,6.51,debit,Rental Car & Taxi,Chase Credit Card,,
3/5/19,T-Mobile,TMOBILE*AUTO PAY 800-937-8997 WA,112,debit,Mobile Phone,Wells Fargo Credit Card,,
3/5/19,Amazon,AMZN MKTP US*MI1MB98F2 AMZN.COM/BILLWA2ZIALGJEVD9,1.78,debit,Shopping,Discover,,
3/5/19,Uber.com,UBER   *,4.35,debit,Rental Car & Taxi,Chase Credit Card,,
3/5/19,Delta,DELTA AIR   0062360861192,81.61,debit,Air Travel,Chase Credit Card,,
3/5/19,Uber.com,UBER   *,5.45,debit,Rental Car & Taxi,Chase Credit Card,,
3/5/19,Verifybank,PAYPAL VERIFYBANK,0.23,debit,Cash & ATM,Day to Day Checking,,
3/5/19,Ca Us,PAYPAL 4029357733 CA US,51.31,debit,Hobbies,Day to Day Checking,,
3/5/19,Verifybank,PAYPAL VERIFYBANK,0.04,credit,Income,Day to Day Checking,,
3/5/19,Verifybank,PAYPAL VERIFYBANK,0.19,credit,Income,Day to Day Checking,,
3/4/19,iTunes,APL* ITUNES.COM/BILL866-712-7753 CA,10.88,debit,Music,Wells Fargo Credit Card,,
3/4/19,Uber.com,UBER   *,5.95,debit,Rental Car & Taxi,Chase Credit Card,,
3/4/19,McDonald's,MCDONALD'S M2119 OF NY,4.34,debit,Fast Food,Chase Credit Card,,
3/4/19,Bell House,SQ *THE BELL HOUSE,18,debit,Alcohol & Bars,Chase Credit Card,,
3/4/19,Empstartups,PAYPAL *EMPSTARTUPS San Jose CA US,15,debit,Business Services,Day to Day Checking,,
3/4/19,Venmo,VENMO PAYMENT,17,debit,Transfer,Day to Day Checking,,
3/4/19,Oscar Insurance,Oscar Insurance PURCHASE,162.09,debit,Financial,Day to Day Checking,,
3/4/19,Venmo,VENMO PAYMENT,300,debit,Transfer,Day to Day Checking,,
3/4/19,Venmo,VENMO PAYMENT,32,debit,Transfer,Day to Day Checking,,
3/3/19,Ticketmaster,TM *FKJ,156.6,debit,Entertainment,Chase Credit Card,,
3/3/19,Urban Expositions,URBAN EXPOSITIONS,65.33,debit,Restaurants,Chase Credit Card,,
3/3/19,MTA,MTA*METROCARD MACHINE,10,debit,Public Transportation,Chase Credit Card,,
3/3/19,Terminal,TERMINAL 5,26,debit,Alcohol & Bars,Chase Credit Card,,
3/3/19,Uber.com,UBER   *,14.5,debit,Rental Car & Taxi,Chase Credit Card,,
3/3/19,House Yes,SQ *HOUSE OF YES,8,debit,Groceries,Chase Credit Card,,
3/3/19,La Vera Pizza,LA VERA PIZZA.,9.8,debit,Restaurants,Chase Credit Card,,
3/3/19,House Yes,SQ *HOUSE OF YES,8,debit,Groceries,Chase Credit Card,,
3/3/19,McDonald's,MCDONALD'S F2446,5.43,debit,Fast Food,Chase Credit Card,,
3/3/19,Taxi Svc,TAXI SVC WOODSIDE,17.16,debit,Rental Car & Taxi,Chase Credit Card,,
3/3/19,House Yes,SQ *HOUSE OF YES,8,debit,Groceries,Chase Credit Card,,
3/2/19,Trader Joe's,AplPay TRADER JOE'S NEW YORK NY0256459 626-599-3700 320190610206741849,27.25,debit,Groceries,Amex,,
3/1/19,Nysc Irving Place,NYSC-IRVING PLACE 212-477-1800,59.95,debit,Gym,Wells Fargo Credit Card,,
3/1/19,House Yes 2 Wyckoff Avenue,HOUSE OF YES-389216 2 WYCKOFF AVE BROOKLYN NY US,22.25,debit,Groceries,Day to Day Checking,,
3/1/19,The UPS Store,THE UPS STORE 1492,48.94,debit,Business Services,Chase Credit Card,,
3/1/19,Wine,WINE ESCAPE,68.8,debit,Alcohol & Bars,Chase Credit Card,,
3/1/19,Uber.com,UBER   *,6.48,debit,Rental Car & Taxi,Chase Credit Card,,
3/1/19,Uber.com,UBER   *,5.41,debit,Rental Car & Taxi,Chase Credit Card,,
3/1/19,Wells Fargo Ccpymt,WELLS FARGO CARD CCPYMT,366.73,debit,Credit Card Payment,Day to Day Checking,,
3/1/19,Venmo,VENMO PAYMENT,1725,debit,Transfer,Day to Day Checking,,
3/1/19,Internet Transfer Online,Internet transfer from Online Savings account XXXXXX1686,300,credit,Transfer,Day to Day Checking,,
3/1/19,Transfer to Discover it Card,DISCOVER E-PAYMENT,142.55,debit,Credit Card Payment,Day to Day Checking,,
3/1/19,Venmo Cashout,VENMO CASHOUT,71,credit,Income,Day to Day Checking,,
2/28/19,Spotify,Spotify USA 877-7781161 NY,9.99,debit,Music,Wells Fargo Credit Card,,
2/28/19,Online Ach Thank,ONLINE ACH PAYMENT - THANK YOU,366.73,credit,Credit Card Payment,Wells Fargo Credit Card,,
2/28/19,Interest Paid,Interest Paid,0,credit,Fees & Charges,Investor Checking,,
2/28/19,Transfer from Day to Day Checking,INTERNET PAYMENT - THANK YOU,142.55,credit,Credit Card Payment,Discover,,
2/28/19,Uber.com,UBER   *,5,debit,Rental Car & Taxi,Chase Credit Card,,
2/28/19,Uber.com,UBER   *,5.53,debit,Rental Car & Taxi,Chase Credit Card,,
2/28/19,Payworks Direct Dep,PAYWORKS INC DIRECT DEP~ Future Amount: 2808.2 ~ Tran: DDIR,2808.2,credit,Paycheck,Day to Day Checking,,
2/27/19,Udemy,UDEMY ONLINE COURSES,29.99,debit,Tuition,Chase Credit Card,,
2/26/19,Trader Joe's,AplPay TRADER JOE'S NEW YORK NY0292084 626-599-3700 320190570136094548,64.52,debit,Groceries,Amex,,
2/26/19,Marlin Cleaners,MARLIN CLEANERS,58.75,debit,Laundry,Chase Credit Card,,
2/26/19,Fuel Express,FUEL EXPRESS,8.32,debit,Gas & Fuel,Chase Credit Card,,
2/26/19,The UPS Store,THE UPS STORE 1492,31.01,debit,Business Services,Chase Credit Card,,
2/25/19,Amazon,AMAZON PRIME AMZN.COM/BILLWA5EM67X4L3NQ,14.14,debit,Shopping,Discover,,
2/25/19,Amazon,AMZN MKTP US*MI8GE81T2 AMZN.COM/BILLWA1MEN2J3M7EK,43.74,debit,Shopping,Discover,,
2/25/19,New York Road Runners,NEW YORK ROAD RUNNERS,125,debit,Amusement,Chase Credit Card,,
2/25/19,IKEA,IKEA.COM 321635735,249.32,debit,Furnishings,Chase Credit Card,,
2/25/19,GrubHub Seamless,SEAMLSSJINKITCHENANDB,37.43,debit,Food & Dining,Chase Credit Card,,
2/25/19,Eb House,EB HOUSE OF PARADISE,35.02,debit,Entertainment,Chase Credit Card,,
2/25/19,Venmo,VENMO PAYMENT,22.32,debit,Transfer,Day to Day Checking,,
2/25/19,American Express,AMEX EPAYMENT ACH PMT,425.91,debit,Credit Card Payment,Day to Day Checking,,
2/25/19,Venmo,VENMO PAYMENT,96.14,debit,Transfer,Day to Day Checking,,
2/25/19,Chase Epay Future,CHASE CREDIT CRD EPAY~ Future Amount: 1749.4 ~ Tran: ACHDW,1749.4,debit,Credit Card Payment,Day to Day Checking,,
2/24/19,Citi Bike Nyc,CITI BIKE NYC 855-245-3311 NY,16.27,debit,Credit Card Payment,Wells Fargo Credit Card,,
2/24/19,Amazon,AMAZON.COM*MI3VT90J2 AMZN.COM/BILLWA3U51ZQH280E,19.07,debit,Shopping,Discover,,
2/24/19,Uber.com,UBER   *,5.05,debit,Rental Car & Taxi,Chase Credit Card,,
2/24/19,Ppgfgfm,PAYPAL *PPGFGFM,54.25,debit,Gift,Chase Credit Card,,
2/24/19,Meundies.com,MEUNDIES.COM,16,debit,Clothing,Chase Credit Card,,
2/23/19,Prime Video Mi,PRIME VIDEO*MI73I5HM1 888-802-3080 WA2AEUGNKXV8L,3.99,debit,Movies & DVDs,Discover,,
2/22/19,Online Payment,ONLINE PAYMENT - THANK YOU 320190530078776858,425.91,credit,Credit Card Payment,Amex,,
2/22/19,Time Warner,TWC*TIME WARNER NYC 718-358-0900,108.93,debit,Television,Wells Fargo Credit Card,,
2/22/19,Wework,WEWORK,3.25,debit,Fast Food,Chase Credit Card,,
2/22/19,Thank You Web,Payment Thank You - Web,1749.4,credit,Credit Card Payment,Chase Credit Card,,
2/21/19,Venmo Cashout Future,VENMO CASHOUT~ Future Amount: 306.38 ~ Tran: DDIR,306.38,credit,Income,Day to Day Checking,,
2/20/19,Trenton Kiosk,TRENTON KIOSK #1246,5.48,debit,Fast Food,Chase Credit Card,,
2/20/19,The UPS Store,THE UPS STORE #5865,31.3,debit,Business Services,Chase Credit Card,,
2/20/19,CVS,CVS/PHARMACY #02556,21.22,debit,Pharmacy,Chase Credit Card,,
2/19/19,Health Food,HEALTH FOOD STORE 00NEW YORK NY99999999049 2122289133 320190500026174896,9.18,debit,Health & Fitness,Amex,,
2/19/19,Trader Joe's,TRADER JOE'S #544 QPNEW YORK NY0224266 626-599-3700 320190500021690032,18.87,debit,Groceries,Amex,,
2/19/19,Tst Harp Crown,TST* HARP & CROWN,266.48,debit,Restaurants,Chase Credit Card,,
2/19/19,Septa 30th St,SEPTA 30TH ST STATION,18.5,debit,Public Transportation,Chase Credit Card,,
2/19/19,Uber.com,UBER   *TRIP,8.08,debit,Rental Car & Taxi,Chase Credit Card,,
2/19/19,T-Mobile,T-MOBILE STORE # 265E,10.88,debit,Mobile Phone,Chase Credit Card,,
2/19/19,Wishbone Th,WISHBONE13TH,11.66,debit,Restaurants,Chase Credit Card,,
2/19/19,Venmo,VENMO PAYMENT,65,debit,Transfer,Day to Day Checking,,
2/19/19,Betterment Sec Transfer,BETTERMENT SEC TRANSFER,1000,debit,Transfer,Day to Day Checking,,
2/18/19,Aloft,ALOFT W XYZ REFUEL,7.56,debit,Hotel,Chase Credit Card,,
2/18/19,Wawa,WAWA 8093     00080937,9.92,debit,Gas & Fuel,Chase Credit Card,,
2/18/19,Club Night Pulse,CLUB NIGHT PULSE,8.4,debit,Alcohol & Bars,Chase Credit Card,,
2/18/19,German Is Easy,GERMAN IS EASY GBR,5,debit,Education,Chase Credit Card,,
2/18/19,Concourse Dance Bar,CONCOURSE DANCE BAR,25,debit,Alcohol & Bars,Chase Credit Card,,
2/18/19,Concourse Dance Bar,CONCOURSE DANCE BAR,16,debit,Alcohol & Bars,Chase Credit Card,,
2/18/19,Concourse Dance Bar,CONCOURSE DANCE BAR,8,debit,Alcohol & Bars,Chase Credit Card,,
2/18/19,Uber.com,UBER   *TRIP,6.62,debit,Rental Car & Taxi,Chase Credit Card,,
2/18/19,Club Night Pulse,CLUB NIGHT PULSE,8.4,debit,Alcohol & Bars,Chase Credit Card,,
2/17/19,Pulse Night Club,PULSE NIGHT CLUB,10,debit,Alcohol & Bars,Chase Credit Card,,
2/17/19,Uber.com,UBER   *TRIP LKEJL,24.09,debit,Rental Car & Taxi,Chase Credit Card,,
2/17/19,Uber.com,UBER   *TRIP,14.84,debit,Rental Car & Taxi,Chase Credit Card,,
2/17/19,Draught,DRAUGHT 55,38,debit,Alcohol & Bars,Chase Credit Card,,
2/17/19,Pret A Manger,PRET A MANGER 055,4.34,debit,Fast Food,Chase Credit Card,,
2/17/19,Boltbus,BOLTBUS,15,debit,Travel,Chase Credit Card,,
2/17/19,Boltbus,BOLTBUS,28,debit,Travel,Chase Credit Card,,
2/15/19,Trader Joe's,AplPay TRADER JOE'S NEW YORK NY0243564 626-599-3700 320190460958970881,25.95,debit,Groceries,Amex,,
2/15/19,D'Agostino's,AplPay D'AGOSTINO NEW YORK NY214064134 2126860619 320190460958739493,17.14,debit,Groceries,Amex,,
2/15/19,Udemy,UDEMY ONLINE COURSES,71.94,debit,Tuition,Chase Credit Card,,
2/15/19,Internet Transfer Online,Internet transfer to Online Savings account XXXXXX1686,800,debit,Transfer,Day to Day Checking,,
2/15/19,Internet Transfer Online,Internet transfer to Online Savings account XXXXXX1686,1000,debit,Transfer,Day to Day Checking,,
2/15/19,Payworks Direct Dep,PAYWORKS INC DIRECT DEP~ Future Amount: 2808.2 ~ Tran: DDIR,2808.2,credit,Paycheck,Day to Day Checking,,
2/14/19,Trader Joe's,AplPay TRADER JOE'S NEW YORK NY0036533 626-599-3700 320190450939341658,63.1,debit,Groceries,Amex,,
2/14/19,The UPS Store,THE UPS STORE 1492,74.54,debit,Business Services,Chase Credit Card,,
2/13/19,iTunes,APL* ITUNES.COM/BILL866-712-7753 CA,14.14,debit,Music,Wells Fargo Credit Card,,
2/13/19,D'Agostino's,D'AGOSTINO NEW YORK NY212062070 2126860619 320190440921584593,15.67,debit,Groceries,Amex,,
2/13/19,The UPS Store,THE UPS STORE #5865,27.59,debit,Business Services,Chase Credit Card,,
2/12/19,Underarmour.com Md,underarmour.com 888-727-6687 MD9020399770 888-427-6687 320190430900186188,163.31,debit,Shopping,Amex,,
2/12/19,Fuel Express,FUEL EXPRESS,26.89,debit,Gas & Fuel,Chase Credit Card,,
2/11/19,Berry Park,BERRY PARK,11,debit,Alcohol & Bars,Chase Credit Card,,
2/11/19,Gem Saloon,THE GEM SALOON,16.8,debit,Alcohol & Bars,Chase Credit Card,,
2/11/19,Fuel Express,FUEL EXPRESS,15.23,debit,Gas & Fuel,Chase Credit Card,,
2/11/19,Venmo,VENMO PAYMENT,30,debit,Transfer,Day to Day Checking,,
2/10/19,Interest Paid,Interest Paid,0.2,credit,Interest Income,Day to Day Checking,,
2/10/19,Van Leeuwen Ice,SQ *VAN LEEUWEN ICE CREAM,6.99,debit,Fast Food,Chase Credit Card,,
2/10/19,Uber.com,UBER   *TRIP,30.85,debit,Rental Car & Taxi,Chase Credit Card,,
2/10/19,Uber.com,UBER   *TRIP,13.86,debit,Rental Car & Taxi,Chase Credit Card,,
2/10/19,Uber.com,UBER   *TRIP,6.85,debit,Rental Car & Taxi,Chase Credit Card,,
2/10/19,Uber.com,UBER   *TRIP,5.15,debit,Rental Car & Taxi,Chase Credit Card,,
2/9/19,Prime Video Mi,PRIME VIDEO*MI7UA2N41 888-802-3080 WA6AEMDSFTS7D,3.99,debit,Movies & DVDs,Discover,,
2/8/19,The UPS Store,THE UPS STORE 1492,13.12,debit,Business Services,Chase Credit Card,,
2/8/19,Uber.com,UBER   *TRIP,3.86,debit,Rental Car & Taxi,Chase Credit Card,,
2/7/19,Shake Shack,SHAKE SHACK 1101,17.5,debit,Fast Food,Chase Credit Card,,
2/7/19,MTA,MTA*METROCARD MACHINE,10,debit,Public Transportation,Chase Credit Card,,
2/7/19,Health Food,HEALTH FOOD STORE 00NEW YORK NY99999999037 2122289133 320190380830252734,4.69,debit,Health & Fitness,Amex,,
2/7/19,Venmo,VENMO PAYMENT,33.25,debit,Transfer,Day to Day Checking,,
2/7/19,Venmo,VENMO PAYMENT,7.68,debit,Transfer,Day to Day Checking,,
2/7/19,Venmo,VENMO PAYMENT,13.36,debit,Transfer,Day to Day Checking,,
2/6/19,Marlin Cleaners,MARLIN CLEANERS,22.5,debit,Laundry,Chase Credit Card,,
2/6/19,The UPS Store,THE UPS STORE 1492,56,debit,Business Services,Chase Credit Card,,
2/6/19,Venmo,VENMO PAYMENT,78,debit,Transfer,Day to Day Checking,,
2/6/19,Venmo Cashout,VENMO CASHOUT,207.34,credit,Income,Day to Day Checking,,
2/5/19,T-Mobile,TMOBILE*AUTO PAY 800-937-8997 WA,117.25,debit,Mobile Phone,Wells Fargo Credit Card,,
2/5/19,3rd Ave Deli,3RD AVE DELI,2.99,debit,Restaurants,Chase Credit Card,,
2/5/19,Duane Reade,DUANE READE #14169,20.76,debit,Pharmacy,Chase Credit Card,,
2/5/19,Uber.com,UBER   *,4.95,debit,Rental Car & Taxi,Chase Credit Card,,
2/5/19,Betterment Sec Transfer,BETTERMENT SEC TRANSFER,1000,debit,Transfer,Day to Day Checking,,
2/4/19,Uber.com,UBER   *,5,debit,Rental Car & Taxi,Chase Credit Card,,
2/4/19,Macchina,Macchina,93.48,debit,Restaurants,Chase Credit Card,,
2/4/19,Nyctaxisbv,NYCTAXISBV195,18.95,debit,Rental Car & Taxi,Chase Credit Card,,
2/4/19,Belfry,THE BELFRY,30.13,debit,Alcohol & Bars,Chase Credit Card,,
2/4/19,Oscar Insurance,Oscar Insurance PURCHASE,162.09,debit,Financial,Day to Day Checking,,
2/4/19,Internet Transfer Online,Internet transfer from Online Savings account XXXXXX1686,1000,credit,Transfer,Day to Day Checking,,
2/3/19,Maison Pickle,MAISON PICKLE,202.33,debit,Restaurants,Chase Credit Card,,
2/3/19,Uber.com,UBER   *,28.74,debit,Rental Car & Taxi,Chase Credit Card,,
2/2/19,Codecademy Ny,CODECADEMY 347-988-2082 NY,21.76,debit,Education,Wells Fargo Credit Card,,
2/2/19,Trader Joe's,AplPay TRADER JOE'S NEW YORK NY0266091 626-599-3700 320190330744527677,53.8,debit,Groceries,Amex,,
2/1/19,Nysc Irving Place,NYSC-IRVING PLACE 212-477-1800,59.95,debit,Gym,Wells Fargo Credit Card,,
2/1/19,Apple,GREEN APPLE 37,14.96,debit,Electronics & Software,Chase Credit Card,,
2/1/19,Sp Globalone,SP * GLOBALONE,2,debit,Coffee Shops,Chase Credit Card,,
2/1/19,Venmo,VENMO PAYMENT,1725,debit,Transfer,Day to Day Checking,,
1/31/19,Spotify,Spotify USA 646-8375380 NY,9.99,debit,Music,Wells Fargo Credit Card,,
1/31/19,Interest Paid,Interest Paid,0.02,credit,Interest Income,Investor Checking,,
1/31/19,CVS,CVS/PHARMACY #02556,5.19,debit,Pharmacy,Chase Credit Card,,
1/31/19,General Nutrition Centers,GNC #06659,62.99,debit,Groceries,Chase Credit Card,,
1/31/19,GrubHub Seamless,SEAMLSSHERBSTHAIBISTR,36.59,debit,Food & Dining,Chase Credit Card,,
1/31/19,Payworks Direct Dep,PAYWORKS INC DIRECT DEP~ Future Amount: 2850.2 ~ Tran: DDIR,2850.2,credit,Paycheck,Day to Day Checking,,
1/30/19,Poketeria,SQ *POKETERIA,12.52,debit,Restaurants,Chase Credit Card,,
1/29/19,Jya Cleaners,JYA CLEANERS,15,debit,Laundry,Chase Credit Card,,
1/28/19,Udemy,UDEMY ONLINE COURSES,9.99,debit,Tuition,Chase Credit Card,,
1/28/19,Discover E,DISCOVER E-PAYMENT,133.21,debit,Credit Card Payment,Day to Day Checking,,
1/28/19,Gap Gap Epay,Gap Visa Gap EPAY~ Future Amount: 42.93 ~ Tran: ACHDW,42.93,debit,Credit Card Payment,Day to Day Checking,,
1/27/19,Health Food,HEALTH FOOD STORE 00NEW YORK NY99999999026 2122289133 320190270651258959,5.19,debit,Health & Fitness,Amex,,
1/27/19,Health Food,HEALTH FOOD STORE 00NEW YORK NY99999999026 2122289133 320190270653022926,5.19,debit,Health & Fitness,Amex,,
1/27/19,Amazon,AMAZON.COM*MB5467ST1 AMZN.COM/BILLWA56GOAZAOX7B,21.72,debit,Shopping,Discover,,
1/27/19,3rd Ave Deli,3RD AVE DELI,16,debit,Restaurants,Chase Credit Card,,
1/27/19,Uber.com,UBER   *,4.54,debit,Rental Car & Taxi,Chase Credit Card,,
1/27/19,Tst Ruby,TST* RUBY'S,24.95,debit,Restaurants,Chase Credit Card,,
1/27/19,Maison Kayser,MAISON KAYSER 6,11.74,debit,Restaurants,Chase Credit Card,,
1/26/19,iTunes,APL* ITUNES.COM/BILL866-712-7753 CA,2.17,debit,Music,Wells Fargo Credit Card,,
1/26/19,Amazon,AMAZON PRIME AMZN.COM/BILLWA3CJSXOSG24H,14.14,debit,Shopping,Discover,,
1/26/19,Trader Joe's,AplPay TRADER JOE'S NEW YORK NY0273301 626-599-3700 320190260631313757,43.82,debit,Groceries,Amex,,
1/25/19,Amazon,AMAZON.COM*MB77136U1 AMZN.COM/BILLWA6MQ5VK2WU2V,21.76,debit,Shopping,Discover,,
1/25/19,Citi Bike Nyc,CITI BIKE NYC 855-245-3311 NY,16.27,debit,Credit Card Payment,Wells Fargo Credit Card,,
1/25/19,GrubHub Seamless,SEAMLSSJINKITCHENANDB,68.55,debit,Food & Dining,Chase Credit Card,,
1/25/19,Www Payworks.com,WWW.PAYWORKS.COM,16.55,debit,Gift,Chase Credit Card,,
1/25/19,Transfer to Amex,AMEX EPAYMENT ACH PMT,221.2,debit,Credit Card Payment,Day to Day Checking,,
1/25/19,Venmo,VENMO PAYMENT,58,debit,Transfer,Day to Day Checking,,
1/25/19,Venmo Cashout Future,VENMO CASHOUT~ Future Amount: 46 ~ Tran: DDIR,46,credit,Income,Day to Day Checking,,
1/25/19,Chase Epay,CHASE CREDIT CRD EPAY,1391.26,debit,Credit Card Payment,Day to Day Checking,,
1/25/19,Wells Fargo Ccpymt,WELLS FARGO CARD CCPYMT,162.97,debit,Credit Card Payment,Day to Day Checking,,
1/25/19,Venmo Cashout,VENMO CASHOUT,10,credit,Income,Day to Day Checking,,
1/24/19,Online Ach Thank,ONLINE ACH PAYMENT - THANK YOU,162.97,credit,Credit Card Payment,Wells Fargo Credit Card,,
1/24/19,Online Payment,ONLINE PAYMENT THANK YOU,42.93,credit,Credit Card Payment,Gap Credit Card,,
1/24/19,Internet Thank You,INTERNET PAYMENT - THANK YOU,133.21,credit,Credit Card Payment,Discover,,
1/24/19,Transfer from Day to Day Checking,ONLINE PAYMENT - THANK YOU 320190240609325089,221.2,credit,Credit Card Payment,Amex,,
1/24/19,Thank You Web,Payment Thank You - Web,1391.26,credit,Credit Card Payment,Chase Credit Card,,
1/24/19,Venmo,VENMO PAYMENT,33.25,debit,Transfer,Day to Day Checking,,
1/24/19,Venmo,VENMO PAYMENT,44.41,debit,Transfer,Day to Day Checking,,
1/23/19,Transfer from Checking,eCheck Deposit,998.45,credit,Transfer,Day to Day Checking,,
1/23/19,Wework,WEWORK,3.5,debit,Fast Food,Chase Credit Card,,
1/22/19,Amazon,AMZN MKTP US*MB8AF0BK1 AMZN.COM/BILLWA3CDUPXFNOFD,41.22,debit,Shopping,Discover,,
1/22/19,Uber.com,UBER   *,3.56,debit,Rental Car & Taxi,Chase Credit Card,,
1/22/19,Venmo,VENMO PAYMENT,50,debit,Transfer,Day to Day Checking,,
1/21/19,Health Food,HEALTH FOOD STORE 00NEW YORK NY99999999020 2122289133 320190210559791348,13.18,debit,Health & Fitness,Amex,,
1/20/19,Prime Video Mb,PRIME VIDEO*MB82K1TT2 888-802-3080 WA33WHSE27Z74,3.99,debit,Movies & DVDs,Discover,,
1/20/19,iTunes,APL* ITUNES.COM/BILL866-712-7753 CA,7.61,debit,Music,Wells Fargo Credit Card,,
1/20/19,Uber.com,UBER   *,3.76,debit,Rental Car & Taxi,Chase Credit Card,,
1/19/19,Trader Joe's,AplPay TRADER JOE'S NEW YORK NY0207475 626-599-3700 320190190525401761,64.48,debit,Groceries,Amex,,
1/18/19,Health Food,HEALTH FOOD STORE,5.37,debit,Health & Fitness,Chase Credit Card,,
1/18/19,Walgreens,WALGREENS #7675,24.69,debit,Pharmacy,Chase Credit Card,,
1/17/19,D'Agostino's,D'AGOSTINO NEW YORK NY116035166 2126860619 320190170492059057,4.19,debit,Groceries,Amex,,
1/17/19,Poketeria,SQ *POKETERIA,14.1,debit,Restaurants,Chase Credit Card,,
1/17/19,Jacob Javits Cc,JACOB JAVITS CC CONCESS 0,15,debit,Fast Food,Chase Credit Card,,
1/17/19,Uber.com,UBER   *,2.99,debit,Rental Car & Taxi,Chase Credit Card,,
1/17/19,Uber.com,UBER   *,4.45,debit,Rental Car & Taxi,Chase Credit Card,,
1/17/19,Uber.com,UBER   *,3.66,debit,Rental Car & Taxi,Chase Credit Card,,
1/16/19,Uber.com,UBER   *,5.31,debit,Rental Car & Taxi,Chase Credit Card,,
1/16/19,Uber.com,UBER   *,2.99,debit,Rental Car & Taxi,Chase Credit Card,,
1/16/19,Uber.com,UBER   *,2.99,debit,Rental Car & Taxi,Chase Credit Card,,
1/16/19,Betterment Sec Transfer,BETTERMENT SEC TRANSFER,2800,debit,Transfer,Day to Day Checking,,
1/15/19,Nuthouse Hardware,NUTHOUSE HARDWARE,1.73,debit,Home,Chase Credit Card,,
1/15/19,3rd Ave Deli,3RD AVE DELI,11.49,debit,Restaurants,Chase Credit Card,,
1/15/19,Uber.com,UBER   *,69.43,debit,Rental Car & Taxi,Chase Credit Card,,
1/15/19,Crowning Laundromat,CROWNING LAUNDROMAT,26.5,debit,Laundry,Chase Credit Card,,
1/15/19,Payworks Direct Dep,PAYWORKS INC DIRECT DEP~ Future Amount: 2850.2 ~ Tran: DDIR,2850.2,credit,Paycheck,Day to Day Checking,,
1/15/19,Requested Transfer Kyle,Requested transfer from KYLE WILTSHIRE Ally Bank Transfer,80,credit,Transfer,Day to Day Checking,,
1/14/19,Internet Transfer Online,Internet transfer from Online Savings account XXXXXX1686,1054.88,credit,Transfer,Day to Day Checking,,
1/14/19,D'Agostino's,D'AGOSTINO NEW YORK NY113027058 2126860619 320190140442621908,44.37,debit,Groceries,Amex,,
1/14/19,Ally Bank Transfer,ALLY BANK $TRANSFER 190111,80,debit,Transfer,Investor Checking,,
1/14/19,Cava Grill,CAVA GRILL PARK AVE S,11.4,debit,Fast Food,Chase Credit Card,,
1/14/19,Kinfolk General,KINFOLK GENERAL,4,debit,Fast Food,Chase Credit Card,,
1/14/19,Lyft,LYFT   *RIDE FRI 11PM,5.61,debit,Rental Car & Taxi,Chase Credit Card,,
1/14/19,Bed Bath & Beyond,BED BATH & BEYOND #42,43.54,debit,Furnishings,Chase Credit Card,,
1/14/19,La Vera Pizza,LA VERA PIZZA.,9.8,debit,Restaurants,Chase Credit Card,,
1/14/19,Venmo Cashout,VENMO CASHOUT,66,credit,Income,Day to Day Checking,,
1/14/19,Apex Clearing Ach,Apex Clearing ACH,1054.88,debit,Transfer,Day to Day Checking,,
1/14/19,Venmo Cashout,VENMO CASHOUT,77.33,credit,Income,Day to Day Checking,,
1/13/19,Paragon Athletic Goods,PARAGON ATHLETIC GOODS,141.49,debit,Clothing,Chase Credit Card,,
1/13/19,MTA,MTA*METROCARD MACHINE,10,debit,Public Transportation,Chase Credit Card,,
1/13/19,Axs.com Bowery Prsnts,AXS.COM*BOWERY PRSNTS,89.85,debit,Entertainment,Chase Credit Card,,
1/13/19,Sofar Sounds Llc,SOFAR SOUNDS LLC,25,debit,Alcohol & Bars,Chase Credit Card,,
1/13/19,Uber.com,UBER   *,10.47,debit,Rental Car & Taxi,Chase Credit Card,,
1/13/19,H&M,H&M0098,129.95,debit,Clothing,Chase Credit Card,,
1/13/19,Taxi Svc New,TAXI SVC NEW YORK,9.36,debit,Parking,Chase Credit Card,,
1/13/19,Troys Liquor Bar,TROYS LIQUOR BAR,20,debit,Alcohol & Bars,Chase Credit Card,,
1/13/19,Uber.com,UBER   *TRIP EA2VZ,3.94,debit,Rental Car & Taxi,Chase Credit Card,,
1/12/19,Bnn Rp Flatiron,BNN RP-FLATIRON NEW YORK NY M CONTEMPORARY,42.93,debit,Clothing,Gap Credit Card,,
1/11/19,Trader Joe's,AplPay TRADER JOE'S NEW YORK NY0032759 626-599-3700 320190110396297273,19.4,debit,Groceries,Amex,,
1/11/19,GrubHub Seamless,SEAMLSSSHUHANJUCHINES,66.03,debit,Food & Dining,Chase Credit Card,,
1/10/19,Interest Paid,Interest Paid,3.86,credit,Interest Income,Day to Day Checking,,
1/10/19,Metrotennis Te,METROTENNIS COMMUNITY TE,80,debit,Sports,Chase Credit Card,,
1/9/19,iTunes,APL*ITUNES.COM/BILL 800-275-2273CA,14.14,debit,Music,Wells Fargo Credit Card,,
1/9/19,Amazon,AMZN MKTP US*MB8HP53F0 AMZN.COM/BILLWA6WUWV5DRZ9X,14.14,debit,Shopping,Discover,,
1/9/19,Amazon,AMZN MKTP US*MB2XO33Q1 AMZN.COM/BILLWA6I5CQJV37FY,29.99,debit,Shopping,Discover,,
1/9/19,Amazon,AMZN MKTP US*MB8PD63N0 AMZN.COM/BILLWA618R8KF61AI,8.8,debit,Shopping,Discover,,
1/9/19,Requested Transfer Kyle,Requested transfer to KYLE WILTSHIRE (CAPITAL ONE N.A. MMA S,8920.13,debit,Transfer,Day to Day Checking,,
1/9/19,Transfer to General Savings,Internet transfer to Online Savings account XXXXXX1686,14559.47,debit,Transfer,Day to Day Checking,,
1/9/19,Transfer to General Savings,Internet transfer to Online Savings account XXXXXX1686,495,debit,Transfer,Day to Day Checking,,
1/9/19,CVS,CVS/PHARMACY #02556,28.87,debit,Pharmacy,Chase Credit Card,,
1/9/19,Sofar Sounds Llc,SOFAR SOUNDS LLC,25,debit,Restaurants,Chase Credit Card,,
1/8/19,D'Agostino's,AplPay D'AGOSTINO NEW YORK NY10702611846 2126860619 320190080347884902,19.98,debit,Groceries,Amex,,
1/8/19,Sofar Sounds Llc,SOFAR SOUNDS LLC,50,debit,Restaurants,Chase Credit Card,,
1/8/19,Mamouns Falafel,MAMOUNS FALAFEL,8.17,debit,Restaurants,Chase Credit Card,,
1/8/19,Uber.com,UBER   *,3.28,debit,Rental Car & Taxi,Chase Credit Card,,
1/7/19,Uber.com,UBER   *,4.15,debit,Rental Car & Taxi,Chase Credit Card,,
1/7/19,Uber.com,UBER   *,4.09,debit,Rental Car & Taxi,Chase Credit Card,,
1/6/19,D'Agostino's,AplPay D'AGOSTINO NEW YORK NY105024152 2126860619 320190060314015237,15.48,debit,Groceries,Amex,,
1/6/19,J.Crew,J. CREW #540,43.01,debit,Clothing,Chase Credit Card,,
1/6/19,Health Food,HEALTH FOOD STORE,4.99,debit,Health & Fitness,Chase Credit Card,,
1/6/19,Turkish Kitchen,TURKISH KITCHEN,32.31,debit,Restaurants,Chase Credit Card,,
1/6/19,iTunes,APL*ITUNES.COM/BILL,5.99,debit,Music,Chase Credit Card,,
1/5/19,T-Mobile,TMOBILE*AUTO PAY 800-937-8997 WA,114.96,debit,Mobile Phone,Wells Fargo Credit Card,,
1/4/19,Spotify,Spotify USA 646-8375380 NY,9.99,debit,Music,Wells Fargo Credit Card,,
1/4/19,Trader Joe's,AplPay TRADER JOE'S NEW YORK NY0279145 626-599-3700 320190040285893922,40.12,debit,Groceries,Amex,,
1/4/19,Nanoosh Ave,NANOOSH - MADISON AVE,11.16,debit,Restaurants,Chase Credit Card,,
1/4/19,Nysc Murray Hill,NYSC-MURRAY HILL,74.95,debit,Gym,Chase Credit Card,,
1/4/19,Venmo,VENMO PAYMENT,34.67,debit,Transfer,Investor Checking,,
1/4/19,Venmo,VENMO PAYMENT,75.24,debit,Transfer,Investor Checking,,
1/4/19,Venmo,VENMO PAYMENT,75.46,debit,Transfer,Investor Checking,,
1/3/19,GrubHub Seamless,SEAMLSSSHUHANJUCHINES,16.28,debit,Food & Dining,Chase Credit Card,,
1/3/19,Codecademy,CODECADEMY,21.76,debit,Education,Chase Credit Card,,
1/3/19,CVS,CVS/PHARMACY #07186,7.99,debit,Pharmacy,Chase Credit Card,,
1/3/19,Wells Fargo Ifi,WELLS FARGO IFI DDA TO DDA 010219,250,credit,Income,Investor Checking,,
1/3/19,Venmo,VENMO PAYMENT,20.4,debit,Transfer,Investor Checking,,
1/2/19,Transfer to General Savings,Internet transfer to Online Savings account XXXXXX1686,100,debit,Transfer,Day to Day Checking,,
1/2/19,MTA,MTA*METROCARD MACHINE,3,debit,Public Transportation,Chase Credit Card,,
1/2/19,Venmo,VENMO PAYMENT,104.66,debit,Transfer,Investor Checking,,
1/2/19,Venmo,VENMO PAYMENT,97.58,debit,Transfer,Investor Checking,,
1/1/19,Audible.com,AUDIBLE US 888-283-5051 NJ5IGX30ERPHC,14.95,debit,Books,Discover,,
1/1/19,Quip Nyc,QUIP NYC INC,45,debit,Personal Care,Chase Credit Card,,
1/1/19,CVS,CVS/PHARMACY #02962,9.57,debit,Pharmacy,Chase Credit Card,,
1/1/19,Rik Ser Trincity,RIK SER-TRINCITY MAL,29.71,debit,Restaurants,Chase Credit Card,,
1/1/19,NJT Mobile,NJT MOBILE 3001,12.25,debit,Public Transportation,Chase Credit Card,,
1/1/19,Tst Dostorosny 23rd,TST* DOSTOROSNY-23RD&PARK,14.42,debit,Restaurants,Chase Credit Card,,
1/1/19,Uber.com,UBER   *TRIP 7D5VB,14.28,debit,Rental Car & Taxi,Chase Credit Card,,